open,high,low,close,volume,trade_count,vwap,return,lagged_return
198.73,199.83,198.17,199.51,4322585,26783,199.321908,-0.11058054787634886,0.09559267458241205
199.09,199.27,198.75,198.76,2303543,15160,198.934408,0.18115030443315305,-0.11058054787634886
198.72,199.405,198.21,198.4,3029218,17926,198.720615,-0.1858455974684814,0.18115030443315305
198.63,199.57,198.15,199.33,5209773,30015,198.883104,-0.045289855072461194,-0.1858455974684814
198.91,198.91,197.53,198.75,3865239,22856,198.290261,0.1409656144590432,-0.045289855072461194
198.91,199.35,198.32,198.7,3468891,17625,198.812216,0.0,0.1409656144590432
198.27,198.65,197.587,198.09,3329829,18785,198.132281,-0.3217535568850183,0.0
198.2,198.23,197.3,197.95,4634930,19060,197.915498,-0.03530539163767443,-0.3217535568850183
198.04,198.16,196.69,197.28,3050941,17776,197.456881,-0.08072653884964032,-0.03530539163767443
197.48,198.2,197.31,197.96,6998974,33630,197.706231,-0.28277115734195446,-0.08072653884964032
197.89,198.11,197.04,197.78,3249687,17290,197.635607,0.20761596110998592,-0.28277115734195446
197.78,199.22,197.62,198.84,5205819,26771,198.408763,-0.05558643690938281,0.20761596110998592
200.0,200.55,199.75,200.42,4880846,27763,200.244343,1.1224592982101322,-0.05558643690938281
200.64,200.97,200.42,200.72,3999710,24050,200.728012,0.31999999999998696,1.1224592982101322
200.67,200.87,200.45,200.63,3576507,16795,200.653024,0.014952153110048272,0.31999999999998696
199.82,199.9,198.42,199.38,4718049,27687,199.115745,-0.4235810036378074,0.014952153110048272
198.74,198.89,197.56,198.36,4628094,25687,198.235135,-0.5404864377940077,-0.4235810036378074
199.13,199.4,198.2,198.63,3676914,22316,198.733098,0.19623628861829,-0.5404864377940077
198.16,198.97,198.02,198.61,2640562,15335,198.462909,-0.4871189675086596,0.19623628861829
199.53,200.57,199.44,200.38,4857335,26800,200.098827,0.6913605167541359,-0.4871189675086596
200.03,200.7,199.78,200.28,2770903,13343,200.316345,0.2505888838771009,0.6913605167541359
200.89,201.3001,200.43,200.58,2606330,13872,200.759562,0.4299355096735402,0.2505888838771009
200.5,200.69,200.15,200.51,2291450,12859,200.49935,-0.19413609438000412,0.4299355096735402
200.82,202.1052,200.77,201.72,3487574,18760,201.478606,0.15960099750622625,-0.19413609438000412
202.3,203.0,202.0675,202.74,2880299,15333,202.564289,0.7369783886067127,0.15960099750622625
203.32,204.47,203.32,204.2,2637381,15347,204.009248,0.5042016806722671,0.7369783886067127
204.05,205.18,203.945,205.17,3586627,20820,204.585093,0.3590399370450692,0.5042016806722671
205.42,206.49,205.29,206.38,3646005,20325,206.039756,0.6714040676304656,0.3590399370450692
206.51,206.7199,205.85,206.48,4589617,25623,206.288074,0.5306201927757881,0.6714040676304656
205.02,205.92,205.02,205.88,5747721,23291,205.534465,-0.7215146966248476,0.5306201927757881
206.61,207.3,206.42,207.07,3076688,20185,206.915788,0.77553409423472,-0.7215146966248476
206.73,207.53,206.64,207.45,2254362,14792,207.246232,0.058080441411334505,0.77553409423472
208.08,208.15,207.21,207.82,3179933,18634,207.756785,0.6530256856769778,0.058080441411334505
207.07,207.95,207.07,207.93,3703905,21917,207.463027,-0.4853902345251959,0.6530256856769778
207.73,208.37,207.61,208.29,3433737,21170,208.09745,0.3187327956729602,-0.4853902345251959
208.11,208.31,207.68,207.98,2821874,17009,208.032012,0.18292976459828303,0.3187327956729602
209.94,211.59,209.88,211.02,7846089,41995,210.913634,0.8793426553264982,0.18292976459828303
211.19,211.19,209.84,209.89,3336864,19705,210.537343,0.5954082118700521,0.8793426553264982
210.16,210.32,209.41,209.91,2589010,15685,209.851165,-0.4877124863866711,0.5954082118700521
209.26,209.77,209.02,209.48,2524696,13887,209.427672,-0.42824514655500634,-0.4877124863866711
209.31,209.66,208.975,209.17,2740993,13712,209.287327,0.0238937207301948,-0.42824514655500634
209.58,209.61,208.43,208.61,3173098,18431,208.996773,0.1289952701734265,0.0238937207301948
208.74,209.09,207.868,208.67,4430109,21382,208.579305,-0.4008016032064132,0.1289952701734265
209.69,209.7,208.36,209.15,3003984,17600,209.004202,0.4551116221136242,-0.4008016032064132
209.13,209.34,208.585,208.94,2261813,15724,208.886816,-0.2670608994229551,0.4551116221136242
208.57,208.88,207.98,208.54,4433001,17336,208.643543,-0.26777602448238014,-0.2670608994229551
208.83,209.91,208.7101,209.58,5736969,25795,209.299317,0.1246583880711638,-0.26777602448238014
210.17,210.17,209.05,209.44,3018383,19020,209.501477,0.6416702581046652,0.1246583880711638
209.53,209.53,208.83,208.86,2873236,16098,209.15997,-0.3045153923014632,0.6416702581046652
208.85,209.27,208.56,208.81,3308571,11641,208.880306,-0.32453586598577555,-0.3045153923014632
209.4,209.43,206.25,206.35,6192436,36164,207.178417,0.26334689968878777,-0.32453586598577555
205.96,206.57,205.5007,206.41,3898464,22435,206.087548,-1.6427889207258795,0.26334689968878777
206.03,207.3,205.91,206.31,3839976,21102,206.566884,0.03398718197706874,-1.6427889207258795
206.58,206.9,205.0,205.75,4052695,23512,205.990737,0.26695141484249785,0.03398718197706874
204.18,205.505,203.81,205.23,4559589,24768,204.787534,-1.1617775196050006,0.26695141484249785
205.08,207.07,204.91,206.75,3538040,19336,206.182658,0.4407875404055295,-1.1617775196050006
206.53,206.56,205.945,206.31,2323900,12433,206.305184,0.7070411546713506,0.4407875404055295
206.3,207.26,206.15,206.96,2849212,15000,206.755412,-0.1113639664939714,0.7070411546713506
206.72,206.93,206.3,206.34,4179559,22483,206.691656,0.20358700920988237,-0.1113639664939714
206.52,206.63,204.88,206.25,4436098,25844,205.883288,-0.09674922600618752,0.20358700920988237
206.02,206.77,205.81,206.65,2555339,12261,206.441845,-0.2421073019562292,-0.09674922600618752
207.59,208.65,206.16,206.26,4110448,25032,207.514681,0.7620619357343816,-0.2421073019562292
206.45,207.29,205.92,206.45,3186890,16340,206.545774,-0.5491594007418499,0.7620619357343816
206.19,207.07,205.89,206.38,2609251,15555,206.489965,-0.12593848389440554,-0.5491594007418499
206.49,207.32,205.95,206.39,2395161,15061,206.687164,0.14549687181726334,-0.12593848389440554
206.22,206.42,204.94,206.33,3511470,22659,205.828351,-0.13075693738195948,0.14549687181726334
206.3,206.3,205.35,205.67,2181729,12692,205.844528,0.03879352148192794,-0.13075693738195948
205.34,205.94,204.36,204.37,3605178,21332,205.069096,-0.4653417353368883,0.03879352148192794
204.93,206.26,204.86,206.17,2260907,14138,205.656094,-0.19966884192071932,-0.4653417353368883
205.4,205.81,204.42,205.08,2497919,15145,205.050926,0.22934660615820945,-0.19966884192071932
205.26,205.3,203.64,203.85,3606413,20344,204.434757,-0.06815968841286102,0.22934660615820945
204.37,206.21,204.17,205.7,3873706,20396,205.218543,-0.43359641430380513,-0.06815968841286102
205.5,205.7284,204.77,205.25,3034835,15002,205.4144,0.5529187258403789,-0.43359641430380513
207.3,207.63,207.03,207.38,3220158,19996,207.397003,0.8759124087591275,0.5529187258403789
208.95,209.98,208.84,209.68,3483635,19633,209.544617,0.7959479015918758,0.8759124087591275
209.81,210.43,209.44,209.47,2865327,18038,209.973505,0.4115817181143955,0.7959479015918758
209.73,209.77,209.06,209.56,1951683,11984,209.469019,-0.03812973642820516,0.4115817181143955
209.63,209.63,208.97,209.08,1934014,11682,209.18923,-0.04768035092738154,-0.03812973642820516
209.49,209.49,208.7,208.92,1886009,12095,209.162771,-0.06678433430329367,-0.04768035092738154
209.1,209.3,208.754,209.13,1359664,8940,209.056914,-0.18616640412431051,-0.06678433430329367
208.87,209.47,208.47,209.22,1829363,10396,209.016539,-0.1099952175992347,-0.18616640412431051
209.65,209.65,208.198,209.19,2640119,11453,209.075762,0.3734380236510848,-0.1099952175992347
209.07,209.78,208.76,209.77,1673787,10313,209.297632,-0.2766515621273613,0.3734380236510848
209.66,210.02,209.53,209.92,2311048,11450,209.767578,0.28220213325680366,-0.2766515621273613
210.14,210.32,209.2231,209.62,1570111,10504,209.832782,0.22894209672803534,0.28220213325680366
209.19,209.81,208.9,209.48,1394296,9360,209.390336,-0.4520795660036159,0.22894209672803534
209.14,209.45,208.1,209.28,3093717,13198,209.025943,-0.023901716143226448,-0.4520795660036159
208.97,209.28,208.82,209.01,1575490,9102,209.033435,-0.08128526345987375,-0.023901716143226448
209.4,210.13,209.4,209.93,1818522,11618,209.878061,0.20577116332487488,-0.08128526345987375
210.32,210.46,209.46,209.95,1746608,10044,209.949801,0.4393505253104113,0.20577116332487488
208.12,208.59,206.37,206.47,5717401,28674,207.776928,-1.0460251046025104,0.4393505253104113
205.96,207.96,205.855,206.96,6653817,31404,206.646598,-1.037862771477993,-1.0460251046025104
206.75,208.31,206.58,207.77,4892838,19848,207.353988,0.38356962516992166,-1.037862771477993
208.32,208.87,208.32,208.65,2246188,12802,208.62526,0.759371221281735,0.38356962516992166
209.1,209.35,208.69,209.12,3457531,15140,209.094403,0.3744239631336521,0.759371221281735
209.32,209.96,209.075,209.82,3483187,13336,209.390274,0.10521281683404382,0.3744239631336521
210.52,210.92,210.3,210.58,2198248,11939,210.526768,0.573284922606554,0.10521281683404382
210.54,210.719,210.32,210.54,1152162,7832,210.543169,0.009500285008545717,0.573284922606554
210.21,210.52,209.97,210.21,1066624,7362,210.282722,-0.15673981191222097,0.009500285008545717
210.41,210.41,209.32,210.0,1577523,9301,209.824248,0.09514295228580938,-0.15673981191222097
210.27,211.4,209.91,211.4,1827924,9862,210.825566,-0.06653676156075372,0.09514295228580938
211.45,212.21,211.27,211.91,2314011,13282,211.807276,0.5611832405954198,-0.06653676156075372
211.86,212.205,211.64,211.86,1922998,7873,211.966648,0.19389926696620208,0.5611832405954198
211.33,211.78,211.17,211.37,2095011,9858,211.508273,-0.2501652034362367,0.19389926696620208
211.69,211.92,211.14,211.72,1545878,10394,211.619081,0.17034969005820244,-0.2501652034362367
211.62,212.699,211.39,211.86,2030336,11314,211.925035,-0.03306722093626702,0.17034969005820244
212.29,213.07,211.59,212.67,4271113,27704,212.400393,0.316605235800016,-0.03306722093626702
212.46,212.78,211.88,212.4,3682286,23180,212.28041,0.08007913702954284,0.316605235800016
212.8,213.39,212.75,213.37,2426866,13819,213.050893,0.16003012331733402,0.08007913702954284
213.78,214.0,212.98,213.84,5423128,23654,213.580894,0.4605263157894779,0.16003012331733402
212.89,213.8,212.75,213.69,2571814,15125,213.432735,-0.4163158387126997,0.4605263157894779
213.33,213.58,212.82,213.56,2371973,12701,213.232289,0.20667950584809525,-0.4163158387126997
214.36,215.01,214.08,214.92,2103348,11210,214.661022,0.48282004406319246,0.20667950584809525
214.89,215.07,214.37,214.4,1762126,10314,214.731589,0.24724762082477536,0.48282004406319246
214.65,214.67,213.64,213.89,2129397,11779,214.07827,-0.11168504816416736,0.24724762082477536
214.08,214.29,213.66,213.73,2697075,12934,213.948189,-0.2655485674353586,-0.11168504816416736
213.44,213.95,213.0644,213.74,1346820,9670,213.548895,-0.2989536621823663,-0.2655485674353586
214.29,214.76,213.53,213.87,1940386,12342,214.099796,0.3982383808095902,-0.2989536621823663
213.71,214.13,212.87,212.93,1981594,12889,213.459429,-0.2706612534415953,0.3982383808095902
213.58,214.53,213.58,214.24,4693745,17423,213.858616,-0.06083009686023155,-0.2706612534415953
214.52,214.55,211.7,212.61,4372622,23958,212.955172,0.4401161157411737,-0.06083009686023155
213.15,213.99,212.97,213.24,2216645,14678,213.52191,-0.6386350922990891,0.4401161157411737
213.95,215.38,213.88,214.49,2135037,14186,214.807911,0.37532254281023025,-0.6386350922990891
214.74,214.83,213.83,214.58,1799148,11601,214.433832,0.3692451507361527,0.37532254281023025
214.09,214.2458,212.94,213.14,2298846,13303,213.540127,-0.3026916270839175,0.3692451507361527
213.54,214.1599,213.42,214.05,1326523,9094,213.861679,-0.25690130319024895,-0.3026916270839175
213.68,214.3453,213.54,213.99,1156694,8041,214.091424,0.06556148730918476,-0.25690130319024895
213.91,214.2944,212.68,213.98,1577622,9662,213.791228,0.10763758891800812,0.06556148730918476
214.98,215.7,214.89,215.23,2103369,13071,215.275277,0.5002103688467097,0.10763758891800812
215.3,215.56,215.0,215.46,1587377,8102,215.391551,0.14885105591218029,0.5002103688467097
215.3,216.68,215.11,216.26,2395456,12847,216.054848,0.0,0.14885105591218029
216.31,216.4898,216.04,216.22,2291048,7709,216.246812,0.46911286576869493,0.0
215.66,215.81,214.63,215.7,2247531,12833,215.287022,-0.3004946604410308,0.46911286576869493
215.89,216.34,215.66,216.32,1785904,10931,216.040504,0.10664935546693677,-0.3004946604410308
216.57,216.58,215.7101,216.19,1372015,8712,216.177167,0.3149752188614574,0.10664935546693677
215.29,215.55,214.76,215.53,2223698,12830,215.222052,-0.591032922380752,0.3149752188614574
215.51,215.51,214.681,215.09,1459554,8121,215.05902,0.10218774676018505,-0.591032922380752
216.5,216.52,215.49,215.86,1924172,11342,216.024113,0.4593754350146195,0.10218774676018505
216.81,217.16,216.56,216.81,2040987,11479,216.919411,0.14318706697460382,0.4593754350146195
217.28,217.75,216.63,217.72,3202399,23503,217.257534,0.21677966883446587,0.14318706697460382
217.53,218.16,217.3,218.02,2305036,10494,217.716413,0.11505891016201364,0.21677966883446587
218.67,219.03,218.49,218.7,1764971,11620,218.788603,0.5240656461177773,0.11505891016201364
219.8,219.8,219.15,219.37,2307069,15609,219.444125,0.5167604152375826,0.5240656461177773
219.83,220.13,219.44,219.89,3063290,16784,219.731202,0.01364877161056377,0.5167604152375826
219.93,220.23,219.72,220.06,2496380,15928,220.002358,0.04548969658371149,0.01364877161056377
220.64,220.67,220.03,220.57,1877667,13482,220.394198,0.3228299913608845,0.04548969658371149
220.75,220.98,220.6,220.85,1902799,9589,220.826042,0.04985496736766848,0.3228299913608845
220.8,221.68,220.4411,220.69,3623872,17847,220.994026,0.022650056625139747,0.04985496736766848
220.33,220.61,219.96,220.5,3555795,19977,220.306469,-0.2128623188405787,0.022650056625139747
219.81,219.897,218.55,218.6,7832649,34748,219.644289,-0.23600962193074393,-0.2128623188405787
218.76,219.22,218.52,218.7,4944487,19848,218.740771,-0.4776852736454229,-0.23600962193074393
219.88,220.285,219.81,219.97,2605013,15321,220.070125,0.5119765953556454,-0.4776852736454229
220.58,220.58,219.86,220.16,1835715,13296,220.157218,0.3183554666181587,0.5119765953556454
220.7,221.1,220.28,220.47,2476059,13810,220.585319,0.054402031009148644,0.3183554666181587
220.01,220.07,217.77,217.81,3535775,24555,218.833401,-0.3126415949252337,0.054402031009148644
216.99,217.66,216.15,216.53,4468542,27928,216.909634,-1.3726648788691342,-0.3126415949252337
216.46,216.92,215.73,216.74,3467166,14278,216.437613,-0.24425088713765364,-1.3726648788691342
217.41,218.85,217.3,218.69,2423241,14079,218.214295,0.4388801626166394,-0.24425088713765364
218.01,218.46,217.84,217.92,3660164,15402,218.432625,0.27597626604112246,0.4388801626166394
218.55,218.55,217.46,217.66,1934354,14044,217.868252,0.2476950598596428,0.27597626604112246
218.26,218.93,218.0,218.04,2373252,15258,218.376342,-0.1326927476550055,0.2476950598596428
218.5,218.58,217.53,217.94,1425032,9690,217.796325,0.10996059745258524,-0.1326927476550055
216.68,218.76,216.62,218.59,2013316,14881,217.968472,-0.8329519450800849,0.10996059745258524
218.75,219.16,218.39,218.93,1804147,12221,218.805607,0.955325826103004,-0.8329519450800849
219.53,219.89,219.12,219.52,2173023,14594,219.510595,0.3565714285714394,0.955325826103004
220.13,220.41,219.8329,219.92,2150190,11745,219.996709,0.27331116476108086,0.3565714285714394
219.53,219.53,217.18,217.67,3828558,21707,218.071927,-0.27256621087539123,0.27331116476108086
218.54,218.62,218.04,218.25,1915470,13920,218.346533,-0.45096342185578786,-0.27256621087539123
218.52,218.72,217.68,218.11,1982763,12676,218.059045,-0.009151642719862352,-0.45096342185578786
217.61,218.66,217.52,218.24,2135767,10974,218.253341,-0.4164378546586134,-0.009151642719862352
219.66,220.885,219.58,220.76,3019327,13410,220.574753,0.9420522953908383,-0.4164378546586134
221.32,221.57,221.07,221.42,2073331,12356,221.350363,0.7557133752162493,0.9420522953908383
221.35,221.79,221.2,221.76,1720803,11365,221.505681,0.013555033435741493,0.7557133752162493
221.65,222.43,221.62,222.32,1893733,12405,222.143348,0.1355319629545937,0.013555033435741493
222.02,222.57,221.91,222.45,2377706,10533,222.372364,0.1669298443492062,0.1355319629545937
222.92,223.386,222.67,223.16,1827255,11451,223.188455,0.40536888568596385,0.1669298443492062
223.37,223.67,223.2299,223.58,2042816,7208,223.29808,0.20186614031940664,0.40536888568596385
223.57,223.95,222.95,223.9,1819863,9212,223.534605,0.08953753861304925,0.20186614031940664
223.9,223.97,223.39,223.47,1741370,8941,223.650112,0.14760477702733255,0.08953753861304925
223.29,223.46,222.82,223.2,2448419,9909,223.266573,-0.27244305493524523,0.14760477702733255
223.11,223.43,221.99,222.82,2844322,14041,222.881975,-0.08061265618700686,-0.27244305493524523
223.06,223.5,222.62,222.69,1314501,9005,223.003453,-0.0224104701716743,-0.08061265618700686
223.4,223.52,222.3505,223.12,2381499,12107,223.060944,0.15242535640636046,-0.0224104701716743
222.97,223.77,222.7,223.6,1463204,7780,223.385056,-0.19247985675917567,0.15242535640636046
223.39,223.87,223.13,223.82,2415802,13528,223.514332,0.1883661479122667,-0.19247985675917567
224.19,225.39,224.02,225.24,2611182,16416,224.847085,0.358118089439996,0.1883661479122667
225.74,226.28,225.61,226.24,2510044,11070,225.847848,0.6913778491458134,0.358118089439996
226.39,226.68,226.18,226.41,1747092,9752,226.443324,0.2879418800389777,0.6913778491458134
226.61,227.66,226.4472,227.64,2258473,13713,227.248736,0.09717743716597393,0.2879418800389777
227.38,227.63,227.23,227.55,2090275,11490,227.466302,0.339790830060438,0.09717743716597393
227.89,227.96,227.3399,227.53,1006785,7471,227.607427,0.22429413316913394,0.339790830060438
228.21,228.43,227.64,228.26,1417663,9030,228.054586,0.14041862301987784,0.22429413316913394
228.32,228.64,228.17,228.61,1423568,10477,228.435163,0.048201218176235905,0.14041862301987784
228.49,228.81,228.15,228.33,1307260,8922,228.4536,0.07445690259286764,0.048201218176235905
228.78,228.97,228.51,228.73,1744317,11419,228.741464,0.12692021532669795,0.07445690259286764
229.07,229.53,228.81,229.45,2373390,14701,229.173795,0.12675933210943846,0.12692021532669795
229.71,229.9599,229.52,229.85,1838019,10042,229.724944,0.2793905792989104,0.12675933210943846
231.05,231.68,230.91,231.46,2755370,12587,231.164457,0.5833442166209624,0.2793905792989104
230.81,231.66,230.52,231.65,2305442,12972,231.090795,-0.10387362042848514,0.5833442166209624
232.47,233.13,231.8899,233.13,3278899,16426,232.51826,0.719206273558326,-0.10387362042848514
233.58,233.58,232.6099,232.65,2325057,12566,233.113076,0.47748096528585915,0.719206273558326
234.11,234.7,233.96,234.29,3300482,18391,234.340006,0.22690298826955058,0.47748096528585915
234.45,234.45,232.35,233.16,3813292,21419,233.352214,0.14523087437527948,0.22690298826955058
233.91,234.42,233.75,233.85,2581497,13862,234.110863,-0.23032629558541462,0.14523087437527948
233.95,234.33,233.36,234.17,2944240,17493,234.012733,0.017100594245644807,-0.23032629558541462
233.52,234.14,233.15,233.33,2672543,15985,233.593047,-0.18379995725581466,0.017100594245644807
233.64,233.91,233.2,233.63,1772053,11797,233.582461,0.051387461459384554,-0.18379995725581466
234.87,235.02,233.73,234.19,2675736,16042,234.430436,0.5264509501797798,0.051387461459384554
234.21,235.17,233.32,234.96,2459622,15781,234.298725,-0.2810065142419216,0.5264509501797798
235.38,235.39,234.64,235.18,2574404,16586,235.093265,0.49955168438580166,-0.2810065142419216
235.23,235.59,235.09,235.41,2550046,16193,235.396922,-0.06372673973999987,0.49955168438580166
235.7,235.88,234.69,235.42,2390702,13874,235.332979,0.1998044467117266,-0.06372673973999987
235.37,235.61,234.97,235.46,1531925,10997,235.343754,-0.14000848536274146,0.1998044467117266
234.69,235.28,233.16,234.72,4225161,24096,234.429971,-0.2889068275481188,-0.14000848536274146
234.44,234.67,234.1001,234.43,2507020,15561,234.378496,-0.10652349908389924,-0.2889068275481188
233.66,234.7801,233.63,234.66,2453682,13782,234.488089,-0.3327077290564806,-0.10652349908389924
233.97,234.35,232.91,234.28,2566475,16659,233.890102,0.13267140289310309,-0.3327077290564806
233.16,233.67,232.65,232.96,2823668,17801,233.119804,-0.34619823054238275,0.13267140289310309
234.22,235.2759,234.19,234.91,2933404,16757,234.740838,0.4546234345513822,-0.34619823054238275
233.74,233.97,233.36,233.39,3483299,20182,233.600892,-0.20493553069762527,0.4546234345513822
233.66,234.37,233.42,234.15,2056579,13732,234.108123,-0.03422606314709142,-0.20493553069762527
235.17,235.99,235.1,235.73,2749918,18398,235.692729,0.6462381237695825,-0.03422606314709142
236.06,236.06,234.95,235.17,2860767,14790,235.501316,0.37844963218098826,0.6462381237695825
235.56,235.87,235.41,235.47,1435533,8576,235.614796,-0.21181055663814785,0.37844963218098826
235.5,236.33,235.39,235.73,2329453,12876,235.846386,-0.025471217524197787,-0.21181055663814785
236.35,238.44,236.23,238.34,4844535,36287,237.271909,0.36093418259022236,-0.025471217524197787
239.15,239.65,238.77,239.42,3376113,23172,239.220454,1.184683731753755,0.36093418259022236
240.69,243.49,240.41,242.84,6586846,41313,242.274325,0.6439473134016271,1.184683731753755
243.14,243.435,239.41,242.45,9535179,59258,242.01984,1.0179068511363187,0.6439473134016271
245.21,245.57,243.07,243.11,6568051,36069,244.563393,0.8513613555976018,1.0179068511363187
243.78,243.79,241.77,242.01,4925646,24036,242.811399,-0.5831736062966497,0.8513613555976018
241.73,242.5127,241.55,241.62,3976102,17997,241.957043,-0.8409221429157454,-0.5831736062966497
241.29,242.87,241.101,242.36,2718309,13745,242.076491,-0.1820212633930396,-0.8409221429157454
243.19,243.63,242.58,243.62,2704331,16326,243.168197,0.787434207799742,-0.1820212633930396
243.77,244.236,243.5,244.17,1857822,12453,243.933776,0.23849664871089526,0.787434207799742
244.93,245.87,244.8,245.44,3282365,19412,245.47257,0.4758583911063763,0.23849664871089526
245.69,246.99,245.65,246.3,3748662,22147,246.476526,0.31029273670026836,0.4758583911063763
246.89,247.0699,245.47,245.57,4713278,23580,245.990833,0.48842036712930526,0.31029273670026836
246.21,246.7,245.82,246.25,5862957,22175,246.363017,-0.2754263032119453,0.48842036712930526
248.1,248.541,247.5299,247.79,3285720,21719,247.970404,0.7676373827220528,-0.2754263032119453
248.31,248.34,246.94,247.4,2773574,18726,247.472911,0.08464328899637774,0.7676373827220528
248.33,248.3989,246.76,247.07,2401391,18468,247.422137,0.008054448068950393,0.08464328899637774
247.73,248.29,247.4201,247.66,2446655,16039,247.859075,-0.24161398139572743,0.008054448068950393
247.5,247.61,246.97,247.4,1847085,14336,247.282696,-0.09284301457230804,-0.24161398139572743
246.94,247.585,246.88,247.25,2156672,17353,247.1968,-0.22626262626262994,-0.09284301457230804
247.15,247.686,247.1,247.48,2930353,23230,247.428321,0.08504090062364522,-0.22626262626262994
247.94,248.19,247.77,248.13,2743299,16430,247.880904,0.3196439409265617,0.08504090062364522
248.61,248.61,247.17,247.38,2951804,20719,247.879169,0.2702266677422127,0.3196439409265617
248.34,248.47,247.2256,248.02,4454880,29927,247.801925,-0.10860383733558576,0.2702266677422127
248.32,249.22,248.07,248.95,5528696,28700,248.742697,-0.008053475074498717,-0.10860383733558576
249.96,250.92,249.62,250.6,4932900,31853,250.397016,0.6604381443299001,-0.008053475074498717
251.35,252.85,250.97,252.72,3349262,23975,251.843701,0.5560889742358688,0.6604381443299001
252.75,252.97,252.22,252.59,3847547,26737,252.652272,0.5569922418937834,0.5560889742358688
253.2,254.29,252.724,253.82,5031362,26727,253.482972,0.17804154302669684,0.5569922418937834
253.17,253.9311,252.45,253.62,2357613,18067,253.31557,-0.011848341232223447,0.17804154302669684
254.0,255.67,253.85,255.61,2760594,18574,254.874393,0.3278429513765557,-0.011848341232223447
256.63,257.97,256.48,257.91,3678352,24740,257.434788,1.035433070866132,0.3278429513765557
260.27,260.7499,256.91,257.81,8105328,50069,258.817451,1.41838444453104,1.035433070866132
259.26,261.19,258.5425,261.08,6144372,41758,259.877292,-0.38805855457793026,1.41838444453104
261.23,261.32,259.38,260.16,4860173,32311,260.42566,0.7598549718429437,-0.38805855457793026
260.05,260.55,259.27,260.54,4057553,24192,259.95721,-0.4517092217586116,0.7598549718429437
259.7,262.01,259.63,261.98,3359873,27680,261.008784,-0.1345895020188559,-0.4517092217586116
261.83,262.29,261.275,261.87,3483296,23389,261.887455,0.8201771274547465,-0.1345895020188559
263.0,263.76,260.8701,262.57,7106406,44268,262.506423,0.4468548294695118,0.8201771274547465
263.58,264.3901,262.42,263.75,5918939,35404,263.398407,0.22053231939163087,0.4468548294695118
264.32,265.93,264.05,265.91,3861681,25452,264.843987,0.28074967751725577,0.22053231939163087
265.56,265.9,264.12,264.16,4605550,31710,264.956737,0.4691283292978188,0.28074967751725577
261.48,262.44,260.09,260.62,9409619,61994,261.418083,-1.5363759602349703,0.4691283292978188
263.0,263.16,260.29,261.44,5369895,37883,261.734059,0.5813064096680254,-1.5363759602349703
259.77,262.9,259.77,261.62,5182031,44874,261.487268,-1.2281368821292826,0.5813064096680254
259.61,259.85,254.73,254.93,9486622,74007,257.367164,-0.06159294760749168,-1.2281368821292826
251.93,255.02,239.06,243.27,19886012,133304,249.216948,-2.958283579214982,-0.06159294760749168
237.9,249.33,237.54,248.96,20493183,125198,243.88101,-5.56900726392252,-2.958283579214982
248.5,252.79,247.57,248.76,12682027,69379,250.001326,4.455653635981505,-5.56900726392252
248.96,249.08,238.5,238.67,15829140,104644,245.043199,0.18511066398390064,4.455653635981505
241.41,244.03,233.76,242.03,19858511,123394,239.029035,-3.032615681233941,0.18511066398390064
244.15,247.85,243.0646,246.17,10470579,65903,244.883869,1.1349985501843296,-3.032615681233941
245.04,247.25,244.33,246.57,6234059,32990,245.8478,0.36453000204792474,1.1349985501843296
245.22,249.49,245.04,249.3,5763970,33386,247.386042,0.07345739471107393,0.36453000204792474
251.7,252.5,248.49,252.5,6111474,40754,251.072721,2.6425250795204303,0.07345739471107393
251.43,254.12,251.2,251.96,6399108,42381,252.56991,-0.10727056019069758,2.6425250795204303
250.44,251.5863,248.59,249.35,8686351,40277,250.809864,-0.39374776279680335,-0.10727056019069758
249.6,252.51,247.71,247.72,5894792,38568,250.268659,-0.33540967896502627,-0.39374776279680335
248.57,251.36,248.5328,249.49,6342316,39648,249.756214,-0.4126602564102577,-0.33540967896502627
250.87,252.95,250.05,252.91,5118986,32451,251.5525,0.9252926740958234,-0.4126602564102577
254.43,257.18,253.96,256.92,6121073,34770,255.506511,1.4190616654043975,0.9252926740958234
257.1,257.86,253.92,253.96,7219248,41410,256.392392,1.049404551350075,1.4190616654043975
255.18,255.77,250.2,250.2,5316152,34213,253.261179,-0.7467911318553178,1.049404551350075
250.21,251.87,244.37,245.98,8141862,50469,247.982616,-1.947644799749193,-0.7467911318553178
243.5,245.92,242.16,245.35,6396085,43303,243.858912,-2.6817473322409247,-1.947644799749193
243.84,249.63,243.8,248.84,4891001,31876,247.056943,0.13963039014373013,-2.6817473322409247
250.18,250.18,247.05,248.84,4408519,26980,248.496332,2.6000656167979086,0.13963039014373013
245.81,248.58,245.4,248.11,5362820,31518,247.071575,-1.7467423455112319,2.6000656167979086
249.13,249.705,247.22,249.14,5846643,28166,248.433755,1.3506366705992479,-1.7467423455112319
250.85,253.56,250.34,253.56,3904035,25179,252.159672,0.6904026010516651,1.3506366705992479
254.07,254.72,251.7002,251.96,5512791,24225,253.128173,1.2836356388279846,0.6904026010516651
253.1,253.97,249.65,250.22,6100856,35852,251.980757,-0.3817845475656334,1.2836356388279846
251.41,251.62,246.92,247.88,6222815,34149,248.478557,-0.6677202686685146,-0.3817845475656334
248.84,250.8,247.8,249.0,5069571,27034,249.209703,-1.022234596873628,-0.6677202686685146
248.57,250.129,248.34,249.1,3434263,18909,249.437107,-0.10850345603601319,-1.022234596873628
248.18,248.38,244.32,245.91,5739545,39571,246.171527,-0.15689745343363537,-0.10850345603601319
246.49,247.85,246.32,247.1,3258396,20381,247.176368,-0.6809573696510585,-0.15689745343363537
247.16,249.65,246.32,246.62,4341360,28011,247.794059,0.271816300864125,-0.6809573696510585
244.02,245.03,239.17,239.36,7449708,51297,242.180491,-1.2704321087554593,0.271816300864125
240.0,240.9,234.85,235.13,7598675,50256,238.445258,-1.6474059503319483,-1.2704321087554593
239.09,242.15,237.2,241.82,6589730,43447,239.694511,-0.37916666666666377,-1.6474059503319483
243.07,244.2599,236.85,238.29,6513253,40196,241.032405,1.6646451127190653,-0.37916666666666377
239.04,240.72,237.05,238.28,7983366,40732,238.657267,-1.6579586127453028,1.6646451127190653
239.57,242.94,239.06,241.4,6640169,33716,240.600966,0.22172021419009091,-1.6579586127453028
240.33,241.03,233.2,236.15,9216154,50736,236.692473,0.317235046124309,0.22172021419009091
237.38,240.25,236.4,240.15,9890346,36182,237.575667,-1.227478883202271,0.317235046124309
235.0,242.9,234.94,242.46,6437533,34730,238.912218,-1.002611845985335,-1.227478883202271
243.8,246.09,243.381,244.91,4786366,27021,244.502815,3.7446808510638308,-1.002611845985335
242.3,244.2525,237.24,239.13,6985955,39372,240.261349,-0.6152584085315826,3.7446808510638308
241.13,243.64,239.43,239.73,5050065,26293,241.850086,-0.4828724721419819,-0.6152584085315826
243.35,245.0,242.2,244.01,5983622,31819,243.764924,0.9206652013436623,-0.4828724721419819
242.13,243.58,241.393,241.88,4733059,25049,242.395823,-0.5013355249640417,0.9206652013436623
243.66,245.82,243.44,244.81,4742447,24652,244.689434,0.6318919588650829,-0.5013355249640417
246.42,246.46,242.33,243.58,5222490,26009,244.138546,1.1327259295739855,0.6318919588650829
245.12,246.67,244.72,245.62,4269758,21776,245.616825,-0.5275545816086247,1.1327259295739855
248.15,248.48,247.27,247.8,3821946,23456,247.965885,1.236129242819839,-0.5275545816086247
247.88,248.2214,247.08,247.38,3646343,16552,247.734652,-0.10880515817046632,1.236129242819839
246.82,247.58,245.49,246.57,3721807,19387,246.486472,-0.4276262707761824,-0.10880515817046632
246.37,246.66,243.59,244.48,3396521,18642,244.639226,-0.1823190989384882,-0.4276262707761824
244.97,245.18,243.14,244.35,2490952,14178,244.298177,-0.5682510045865952,-0.1823190989384882
245.39,245.5613,238.12,240.09,7088925,41970,241.431225,0.17144956525287913,-0.5682510045865952
240.29,241.33,238.09,240.7,5269188,30806,239.675208,-2.0783243000937257,0.17144956525287913
241.45,243.88,241.12,243.12,3845767,21858,242.707776,0.48275001040409826,-2.0783243000937257
242.97,243.44,241.77,242.95,3209793,18272,242.803812,0.6295299233795904,0.48275001040409826
244.1,244.84,241.51,241.54,3475655,19276,243.050115,0.4650779931678839,0.6295299233795904
240.69,240.89,237.91,240.76,4396633,24714,239.697146,-1.3969684555510065,0.4650779931678839
240.61,241.7,238.72,239.11,2729445,15777,240.118892,-0.033237774730976444,-1.3969684555510065
237.97,239.83,235.12,239.1,6177595,34326,237.597337,-1.0972112547275703,-0.033237774730976444
238.18,243.22,237.68,242.52,3600909,21365,241.495929,0.0882464176156672,-1.0972112547275703
243.5,244.67,242.49,243.42,2998096,17555,243.680048,2.233604836678138,0.0882464176156672
243.17,243.98,241.84,243.42,2927215,16550,243.012443,-0.13552361396304002,2.233604836678138
244.23,245.85,243.21,245.4,3670622,16680,244.794819,0.43590903483159416,-0.13552361396304002
246.0,248.11,245.965,247.46,3877803,18150,247.189336,0.7247266920525686,0.43590903483159416
247.7,248.94,247.38,248.54,3293455,17823,248.271421,0.6910569105690989,0.7247266920525686
249.41,250.2,248.85,249.27,4286310,25514,249.631806,0.6903512313282123,0.6910569105690989
248.0,248.18,246.49,247.31,4755965,24591,247.200647,-0.5653341886852958,0.6903512313282123
247.18,248.28,246.971,247.97,2034527,11520,247.712146,-0.3306451612903216,-0.5653341886852958
247.8,248.8926,246.88,247.74,2060226,11447,247.838867,0.2508293551258145,-0.3306451612903216
246.97,247.53,246.42,247.0,2444831,11433,247.048436,-0.33494753833737123,0.2508293551258145
249.22,250.67,249.21,249.94,4060299,19620,249.902168,0.9110418269425491,-0.33494753833737123
250.4,250.43,247.92,248.18,2330251,12961,249.19548,0.4734772490169403,0.9110418269425491
246.77,248.7,246.4675,248.63,3489376,18777,247.366382,-1.4496805111821054,0.4734772490169403
248.1,248.43,245.85,247.91,3448098,17384,247.39551,0.5389634072212823,-1.4496805111821054
247.5,248.1,246.71,247.37,4206996,22202,247.396164,-0.241837968561065,0.5389634072212823
245.38,246.21,242.31,243.45,6439664,35615,243.910598,-0.8565656565656554,-0.241837968561065
245.17,247.16,244.58,246.7,4185861,21665,246.183854,-0.08558154698834475,-0.8565656565656554
246.0,246.02,243.51,244.18,5357794,25542,244.776291,0.3385406044785322,-0.08558154698834475
246.14,246.83,245.65,246.36,3565273,18404,246.258768,0.056910569105683706,0.3385406044785322
247.72,248.67,247.54,248.2,3062549,15960,248.222929,0.6419111074998041,0.056910569105683706
248.11,248.4765,247.16,248.15,2816404,13848,247.930805,0.15743581462943634,0.6419111074998041
249.21,251.53,248.55,251.52,4102505,17575,249.957063,0.4433517391479569,0.15743581462943634
252.07,253.37,251.74,252.53,4287070,22528,252.483092,1.1476264997391628,0.4433517391479569
251.96,253.41,251.767,253.27,4450986,18934,252.668941,-0.04363867179750791,1.1476264997391628
253.62,254.159,253.02,253.39,4221206,23893,253.640013,0.6588347356723201,-0.04363867179750791
253.74,253.77,252.56,253.3,6531009,16698,253.280129,0.047314880529936154,0.6588347356723201
253.42,253.7516,252.03,252.18,3819019,14996,253.126789,-0.1261133443682616,0.047314880529936154
253.16,253.515,251.54,251.99,5007000,19085,252.290453,-0.10259648015152889,-0.1261133443682616
250.22,251.195,248.77,250.74,6341012,31403,250.323268,-1.161320903776264,-0.10259648015152889
248.78,249.9,248.14,249.73,4075518,20212,249.376322,-0.5754935656622218,-1.161320903776264
246.61,247.23,245.53,246.88,5524070,31677,246.670028,-0.8722566122678632,-0.5754935656622218
247.95,247.98,246.12,246.46,4711680,28918,246.740478,0.5433680710433375,-0.8722566122678632
245.81,245.94,243.93,244.5,4676606,27554,244.82987,-0.8630772333131587,0.5433680710433375
245.92,246.51,245.44,245.69,3653100,20227,246.031483,0.04475001017045788,-0.8630772333131587
244.18,244.4,240.7,242.31,9535988,49149,242.333559,-0.7075471698113178,0.04475001017045788
242.92,243.69,242.272,242.67,3833729,23266,243.00819,-0.5160127774592627,-0.7075471698113178
243.28,245.58,241.01,241.12,6149330,35839,243.174142,0.14819693726331185,-0.5160127774592627
240.47,242.96,239.83,242.08,5523974,33244,241.253194,-1.155047681683663,0.14819693726331185
243.48,244.96,242.59,242.73,3966158,23031,243.914117,1.25171539069322,-1.155047681683663
240.9,243.04,240.62,242.73,5700760,30759,241.600876,-1.0596352883193605,1.25171539069322
244.06,244.3,241.35,241.66,3144026,19749,242.948471,1.3117476131174755,-1.0596352883193605
243.13,243.67,241.69,243.55,3294121,19523,243.007205,-0.38105383921986924,1.3117476131174755
243.34,245.2,242.81,244.6,3546396,20381,244.379416,0.08637354501708217,-0.38105383921986924
245.78,248.0,245.76,247.84,3679327,22765,247.222106,1.0027122544587819,0.08637354501708217
248.52,249.48,248.4483,249.23,3474718,21916,249.053453,1.1148181300350002,1.0027122544587819
247.27,248.16,246.64,247.08,4409825,23793,247.449689,-0.5029776275551234,1.1148181300350002
249.04,249.44,248.17,249.3,3175377,20701,248.965602,0.7158167185667308,-0.5029776275551234
249.24,250.46,248.93,250.2,3018231,18958,249.999051,0.08030838419532671,0.7158167185667308
250.35,250.75,249.83,250.67,1881422,12821,250.356667,0.44535387578237273,0.08030838419532671
250.55,251.57,249.9,251.28,2960092,18474,250.904483,0.07988815658079851,0.44535387578237273
251.39,252.165,251.02,252.03,2119574,13224,251.785816,0.33526242267012396,0.07988815658079851
251.21,251.62,250.61,250.79,2537412,16015,251.058053,-0.07160189347228396,0.33526242267012396
249.82,251.04,249.68,250.44,2687910,15639,250.410133,-0.5533219218980201,-0.07160189347228396
250.21,250.6,249.62,250.26,1792009,9802,250.230099,0.1561124009286763,-0.5533219218980201
251.26,252.66,251.06,252.21,5685281,25079,251.962185,0.41964749610325924,0.1561124009286763
251.57,254.16,250.93,254.02,4699151,25306,252.472247,0.12337817400303042,0.41964749610325924
254.49,255.68,254.45,255.12,4175002,24499,255.194411,1.1607107365743108,0.12337817400303042
255.11,255.6,253.48,254.26,5853325,35016,254.650529,0.2436245039097784,1.1607107365743108
254.53,254.79,252.67,252.87,4484389,23125,253.667371,-0.22735290658931762,0.2436245039097784
253.69,254.68,253.6,254.17,3743090,19877,254.093425,-0.3300200369308115,-0.22735290658931762
253.9,254.64,252.561,253.11,3159023,16092,253.543567,0.08277819385864582,-0.3300200369308115
251.45,253.41,251.03,253.1,4132560,17334,252.527703,-0.9649468294604224,0.08277819385864582
253.04,254.5,253.04,254.39,2469438,13628,253.906784,0.632332471664343,-0.9649468294604224
254.22,255.24,253.63,254.85,2305424,13464,254.584286,0.46632943408158045,0.632332471664343
255.98,256.76,255.65,256.12,2394564,14671,256.266957,0.6923137440012495,0.46632943408158045
255.97,256.121,255.38,255.62,1877503,10511,255.796495,-0.0039065551996175785,0.6923137440012495
255.74,256.23,255.0,255.16,1677288,9790,255.63091,-0.08985427979840699,-0.0039065551996175785
253.68,253.9,252.4,253.3,4797172,25210,253.181996,-0.8055055916164844,-0.08985427979840699
253.57,253.96,251.7,252.04,3691567,17975,252.63259,-0.04336171554715218,-0.8055055916164844
252.76,253.5532,252.2292,253.21,2815934,15591,253.057129,-0.3194384193713762,-0.04336171554715218
251.8,252.2,249.86,251.76,5803966,28357,251.015843,-0.3798069314764896,-0.3194384193713762
254.37,256.41,254.28,255.94,7919176,32393,255.374013,1.020651310563947,-0.3798069314764896
255.18,257.12,255.03,256.51,3902541,18676,256.047954,0.31843377756810565,1.020651310563947
257.11,257.72,256.97,257.43,2930743,16317,257.435139,0.7563288658985812,0.31843377756810565
257.93,258.7,257.76,258.07,3290897,18061,258.244389,0.3189296410096798,0.7563288658985812
258.0,258.2,257.05,257.18,3850556,16455,257.550646,0.02713914627998637,0.3189296410096798
256.8,257.56,255.98,256.49,2812271,16331,256.657817,-0.46511627906976605,0.02713914627998637
257.24,258.18,256.99,257.85,3631718,15662,257.716878,0.1713395638629267,-0.46511627906976605
259.25,260.645,259.25,260.58,4111589,19102,260.282774,0.7813714818846185,0.1713395638629267
261.3,261.32,260.35,260.64,2713964,16427,260.790553,0.7907425265188062,0.7813714818846185
260.8,261.767,260.44,261.33,2433856,16029,261.16577,-0.19135093761959432,0.7907425265188062
260.74,261.15,259.45,260.01,3865991,23690,260.335806,-0.023006134969327796,-0.19135093761959432
259.59,260.49,258.98,259.85,3081784,18584,259.616456,-0.4410523893533913,-0.023006134969327796
259.22,259.92,258.21,259.73,2945157,19377,259.135139,-0.14253245502521272,-0.4410523893533913
259.22,260.31,258.92,259.92,3282756,21962,259.631882,0.0,-0.14253245502521272
260.14,261.05,259.04,260.29,3878900,26204,260.091453,0.35491088650565494,0.0
259.33,260.34,258.46,259.54,3796404,23372,259.491635,-0.31137080033828424,0.35491088650565494
260.52,260.65,258.86,258.94,2247644,14875,259.669435,0.45887479273512,-0.31137080033828424
258.07,260.51,257.82,260.03,3072921,17959,259.458961,-0.940426838630426,0.45887479273512
260.15,261.77,259.58,260.25,4968655,23653,260.412866,0.8059828728639529,-0.940426838630426
261.42,262.2236,260.99,261.78,2470899,15182,261.595035,0.48817989621374736,0.8059828728639529
262.01,262.47,261.02,261.89,3097750,19481,261.746512,0.22569045979647928,0.48817989621374736
261.72,262.1899,260.64,260.98,2473548,14681,261.343978,-0.11068279836645711,0.22569045979647928
261.25,263.53,261.18,262.91,2998893,18031,262.412926,-0.17958123185084496,-0.11068279836645711
263.1,264.99,263.1,264.42,4001009,22012,264.330078,0.7081339712918799,-0.17958123185084496
266.0,267.31,265.99,267.04,5246864,29131,266.793432,1.1022424933485375,0.7081339712918799
267.61,267.61,266.59,267.12,3944460,25700,267.072961,0.605263157894731,1.1022424933485375
266.68,266.7,265.25,265.42,3778638,18508,266.067504,-0.347520645715782,0.605263157894731
266.03,266.12,264.53,264.73,1820390,12604,265.349109,-0.24373781310935705,-0.347520645715782
264.78,265.84,263.27,263.78,3365925,20229,264.835419,-0.46987181896778196,-0.24373781310935705
264.25,265.37,263.59,264.25,2440217,16327,264.504277,-0.2001661756930173,-0.46987181896778196
263.56,264.94,263.5,264.4,3288848,25368,264.315704,-0.26111636707663033,-0.2001661756930173
266.1,267.15,265.74,266.73,5831122,35858,266.492235,0.9637274244953753,-0.26111636707663033
266.11,268.02,266.05,267.57,4553359,30367,267.288857,0.0037579857196545774,0.9637274244953753
268.77,269.28,267.67,267.95,5843132,37888,268.44199,0.9995866371049544,0.0037579857196545774
267.69,267.71,264.58,266.25,8721054,59278,266.013499,-0.40183056144658114,0.9995866371049544
266.34,266.62,262.9,264.32,7477289,57881,264.368903,-0.5043146923680464,-0.40183056144658114
263.21,265.21,262.085,264.83,6236412,43015,263.787766,-1.1751896072689005,-0.5043146923680464
264.44,265.32,263.14,264.23,4559121,32374,264.384194,0.4673074731203375,-1.1751896072689005
264.04,264.12,255.8,256.06,12291998,86950,259.819752,-0.15126304643774402,0.4673074731203375
254.85,256.73,248.86,250.27,15280205,127596,253.662501,-3.480533252537499,-0.15126304643774402
254.54,254.609,249.93,253.3,8634402,57760,252.318277,-0.12164018049832803,-3.480533252537499
252.87,254.74,252.34,252.34,5500898,44701,253.501881,-0.6560854875461541,-0.12164018049832803
254.62,258.11,253.98,257.92,7099844,48331,255.479501,0.6920552062324559,-0.6560854875461541
256.92,258.02,254.67,256.97,6822354,51006,256.578092,0.9033068886968865,0.6920552062324559
256.11,256.86,252.32,253.68,8694626,65822,254.131579,-0.3152732368052358,0.9033068886968865
254.25,255.98,253.34,254.32,6618342,39184,254.594707,-0.7262504392643865,-0.3152732368052358
255.07,255.44,252.2,253.04,4662628,33604,253.501052,0.322517207472961,-0.7262504392643865
249.04,252.93,247.52,251.67,7360465,54056,249.695091,-2.364056925549851,0.322517207472961
252.4,252.89,245.18,245.64,7625821,48044,249.014603,1.3491808544812134,-2.364056925549851
247.15,250.93,246.25,249.77,5920220,35206,248.425122,-2.080031695721074,1.3491808544812134
247.43,249.04,244.31,246.53,5883224,34552,246.810522,0.11329152336638781,-2.080031695721074
248.76,250.24,241.05,244.47,6849307,34443,245.624733,0.5375257648627896,0.11329152336638781
244.44,248.94,244.0882,248.7,6151192,34483,246.572062,-1.736613603473225,0.5375257648627896
250.94,253.2198,250.39,251.19,5377431,24790,250.954835,2.659139257077392,-1.736613603473225
252.17,253.83,250.91,253.73,3267889,19428,252.784594,0.49015700964374354,2.659139257077392
255.38,255.6,250.58,252.46,6413404,35101,252.820757,1.2729507871673817,0.49015700964374354
252.84,254.93,252.5,254.48,2833680,17673,253.965636,-0.9945962878847192,1.2729507871673817
254.58,256.38,254.33,256.23,2193348,15811,255.492688,0.6881822496440426,-0.9945962878847192
258.46,261.86,257.5,261.78,4462341,25195,259.841741,1.5240788750098044,0.6881822496440426
261.57,262.97,260.971,262.1,4025199,22733,261.980326,1.2032809719105586,1.5240788750098044
261.12,261.45,259.04,260.09,4386536,26047,260.274483,-0.17203807776120517,1.2032809719105586
259.7,259.92,253.68,254.22,10153042,71585,255.869116,-0.5438112745098089,-0.17203807776120517
253.94,255.37,252.23,253.06,3937868,26813,253.763013,-2.2179437812860914,-0.5438112745098089
255.02,255.2901,249.67,250.91,5610292,35691,251.718023,0.42529731432623397,-2.2179437812860914
250.3,254.0,248.3507,253.22,5667050,44750,251.568717,-1.8508352286095153,0.42529731432623397
251.72,254.96,251.34,254.05,4529479,33978,253.498623,0.5673192169396657,-1.8508352286095153
253.6,253.78,248.841,249.86,4249638,29374,250.48661,0.7468615922453514,0.5673192169396657
246.42,246.9312,243.53,244.5,7341082,51839,245.217246,-2.8312302839116787,0.7468615922453514
245.84,246.6255,244.58,244.65,4257615,25650,245.750194,-0.235370505640764,-2.8312302839116787
243.25,244.03,242.71,242.81,1928034,12888,243.346359,-1.0535307517084314,-0.235370505640764
244.88,246.73,244.68,246.39,3435474,22493,245.846658,0.6700924974306188,-1.0535307517084314
245.18,247.53,244.14,247.5,2932026,20657,246.06777,0.12250898399215338,0.6700924974306188
249.13,253.84,248.586,253.84,5135624,35551,251.718675,1.6110612611142772,0.12250898399215338
253.6,254.9732,252.22,253.59,3471360,25870,253.443789,1.7942439690121548,1.6110612611142772
253.1,255.84,252.83,255.51,2991751,21816,254.387093,-0.19716088328075587,1.7942439690121548
260.3,260.3,257.02,258.73,9544218,52209,258.520634,2.8447254049782655,-0.19716088328075587
257.64,258.04,250.38,250.73,5376856,40940,252.996976,-1.0218978102189857,2.8447254049782655
246.36,249.87,242.82,249.72,8232779,61922,246.180542,-4.3782021425244455,-1.0218978102189857
249.65,251.4081,243.29,244.31,5963753,49013,246.24381,1.3354440655950706,-4.3782021425244455
243.94,245.49,239.25,244.71,6020995,50948,242.433179,-2.2872020829160844,1.3354440655950706
248.4,248.5,242.66,244.23,5646473,38081,245.295103,1.828318438960408,-2.2872020829160844
247.46,248.76,245.65,245.88,3753799,24110,246.922059,-0.37842190016103006,1.828318438960408
246.42,247.86,245.17,246.27,4455333,30227,246.254431,-0.420269942617002,-0.37842190016103006
244.06,244.83,240.82,241.42,6591173,48670,242.548274,-0.9577144712279773,-0.420269942617002
240.0,241.4,235.05,236.43,7036736,52950,238.245009,-1.6635253626157476,-0.9577144712279773
238.44,239.81,235.67,237.36,5349647,42554,238.032034,-0.6500000000000061,-1.6635253626157476
237.55,241.2,232.07,233.42,9545684,73261,236.428138,-0.3732595202147193,-0.6500000000000061
232.52,233.37,226.95,228.89,11912882,104627,230.338653,-2.1174489581140765,-0.3732595202147193
228.84,232.47,223.85,224.09,10242652,73452,227.713483,-1.5826595561672097,-2.1174489581140765
222.38,223.31,217.88,218.1,7042909,45667,220.893878,-2.822933053661947,-1.5826595561672097
219.18,228.74,216.97,228.71,9788790,73082,222.116623,-1.4389783253889732,-2.822933053661947
225.54,231.37,222.5304,231.26,7954856,62578,225.921793,2.9017246099096505,-1.4389783253889732
232.64,233.81,229.67,230.48,7267146,46986,231.48892,3.148000354704261,2.9017246099096505
232.33,233.26,231.05,233.2,5079611,32239,232.25272,-0.13325309491057924,3.148000354704261
229.27,234.0,229.14,233.36,5319545,38692,232.076698,-1.3170920673180375,-0.13325309491057924
231.25,231.42,226.3604,226.72,7350173,53469,228.706137,0.8636105901338897,-1.3170920673180375
230.0,235.18,229.73,234.28,7343729,46788,233.27163,-0.540540540540535,0.8636105901338897
234.84,236.88,232.951,235.36,5101819,30568,235.251138,2.1043478260869497,-0.540540540540535
237.99,238.66,235.79,237.92,4845828,28926,237.447006,1.3413387838528301,2.1043478260869497
238.93,239.8762,237.78,238.92,4872006,33017,238.974463,0.39497457876380704,1.3413387838528301
237.73,240.16,237.04,240.0,3052280,21780,238.884379,-0.5022391495417167,0.39497457876380704
238.87,239.94,237.96,239.88,2047255,14568,239.116409,0.4795356076221058,-0.5022391495417167
237.93,239.65,237.64,238.94,2330665,16253,238.973231,-0.3935194875873904,0.4795356076221058
238.94,241.03,238.89,240.64,3940345,25516,239.995278,0.42449459925186783,-0.3935194875873904
241.35,242.9,241.14,241.86,3718529,24692,242.117623,1.0086214112329461,0.42449459925186783
241.23,244.81,241.04,243.8,4108399,28966,242.730457,-0.049720323182100845,1.0086214112329461
245.65,247.4,244.51,247.05,5394151,42274,246.090899,1.8322762508809154,-0.049720323182100845
245.35,245.7389,242.35,244.0,5243505,39089,243.955873,-0.12212497455730276,1.8322762508809154
246.16,246.92,242.98,245.72,4330334,35067,245.180369,0.3301406154473163,-0.12212497455730276
245.47,246.2,244.13,245.47,2840417,22839,245.177,-0.28030549236268687,0.3301406154473163
247.39,248.55,246.68,247.39,4110560,29614,247.501956,0.7821729742942152,-0.28030549236268687
244.73,245.23,243.14,245.1,3559369,28874,244.261858,-1.0752253526819966,0.7821729742942152
245.35,246.65,244.95,245.71,2432929,19668,245.847134,0.2533404159686281,-1.0752253526819966
248.37,251.0,247.78,250.18,5686150,43349,249.325559,1.2308946403097654,0.2533404159686281
248.95,250.43,248.34,250.12,5658181,47538,249.530848,0.2335225671377339,1.2308946403097654
250.66,251.85,249.75,250.48,3971469,29157,250.797381,0.6868849166499436,0.2335225671377339
250.43,252.35,249.68,252.32,2576093,19843,250.851276,-0.09175775951487664,0.6868849166499436
253.33,254.2,252.81,253.96,3090516,22512,253.648526,1.1580082258515478,-0.09175775951487664
253.61,254.35,253.05,253.87,1913464,16562,253.77738,0.11052777010223114,1.1580082258515478
252.38,253.34,250.17,251.9,3893589,31833,251.497058,-0.4849966483971513,0.11052777010223114
250.51,251.37,249.1299,251.32,2942716,24011,250.212609,-0.7409461922497806,-0.4849966483971513
252.12,252.32,250.35,250.94,2677587,19783,251.147223,0.6426889146141868,-0.7409461922497806
252.72,254.88,252.67,254.53,3080642,23578,253.872718,0.2379819133745853,0.6426889146141868
255.5,256.556,255.1177,255.8,2918218,23786,255.831544,1.100031655587208,0.2379819133745853
254.51,256.17,253.62,255.16,3810979,29741,254.956638,-0.38747553816047553,1.100031655587208
256.15,258.68,256.15,258.65,4751072,34622,257.652938,0.6443754665828472,-0.38747553816047553
257.96,259.48,257.96,258.81,2744450,21387,258.804943,0.7066172164747142,0.6443754665828472
258.8,259.76,258.32,259.5,2465081,22263,259.08612,0.32563188091179196,0.7066172164747142
258.94,259.2414,257.5,258.53,3197279,24205,258.402562,0.05409582689335224,0.32563188091179196
259.26,260.41,259.01,260.17,3938938,26761,259.697794,0.12358075229783605,0.05409582689335224
261.86,262.36,260.75,260.89,3585015,26925,261.590655,1.0028542775592175,0.12358075229783605
259.96,261.5,259.6,260.54,3080247,22176,260.534498,-0.7255785534255099,1.0028542775592175
259.82,260.42,258.77,259.87,2777218,19945,259.752363,-0.053854439144473965,-0.7255785534255099
259.86,260.37,259.06,259.28,2772931,21385,259.593395,0.015395273650997687,-0.053854439144473965
261.12,261.54,259.2349,260.42,3676922,28074,260.341442,0.48487647194643824,0.015395273650997687
261.5,261.68,256.201,258.28,4825991,38154,258.55093,0.1455269607843146,0.48487647194643824
258.22,258.86,257.39,258.19,2107218,17607,258.231002,-1.2543021032504709,0.1455269607843146
258.24,258.4526,256.45,256.87,3221994,23699,257.2876,0.007745333436592894,-1.2543021032504709
256.4,256.49,253.61,254.81,4104555,33647,254.710987,-0.7125154894671692,0.007745333436592894
252.88,254.895,252.74,254.71,5495828,42494,253.71394,-1.372854914196564,-0.7125154894671692
252.85,256.83,252.46,256.76,5469428,37928,255.220559,-0.011863334387851587,-1.372854914196564
256.24,256.97,255.43,255.86,6570541,33249,256.177828,1.3407158394304952,-0.011863334387851587
256.84,258.07,256.01,257.35,5320892,33271,256.941124,0.23415547923819613,1.3407158394304952
257.33,257.94,256.62,257.54,3409957,21255,257.459451,0.19078025229715134,0.23415547923819613
257.59,259.15,256.33,258.34,4225190,33005,257.930363,0.10103757820696391,0.19078025229715134
257.96,259.1167,257.7102,258.99,2786158,18261,258.424126,0.14363911642532035,0.10103757820696391
260.1,260.96,258.0,258.88,4784610,34301,259.649157,0.8295859823228557,0.14363911642532035
258.46,259.17,256.55,257.29,4422622,32595,257.903925,-0.6305267204921305,0.8295859823228557
256.38,259.97,256.35,259.58,3800010,28359,258.889775,-0.8047666950398491,-0.6305267204921305
257.92,258.64,254.865,254.96,6239389,46929,256.208605,0.600670879163756,-0.8047666950398491
254.69,255.89,253.57,255.07,4982454,33004,254.717384,-1.252326302729534,0.600670879163756
257.0,257.83,255.3,256.46,3278718,21625,256.319781,0.9069849621108128,-1.252326302729534
256.6,257.43,254.1,256.11,3166154,28424,255.739492,-0.15564202334629185,0.9069849621108128
256.92,257.28,255.59,257.08,2434379,18164,256.64918,0.12470771628994015,-0.15564202334629185
258.54,259.34,257.57,259.13,4255859,28649,258.488607,0.6305464736104716,0.12470771628994015
261.22,262.66,260.58,262.39,6051711,40740,261.616974,1.0365900827725039,0.6305464736104716
262.0,262.07,261.08,261.69,2320048,16421,261.589125,0.29859888216827724,1.0365900827725039
262.58,262.72,261.22,262.0,3265528,30715,262.027609,0.22137404580151454,0.29859888216827724
262.22,263.94,262.11,263.78,4397942,30480,263.335662,-0.1371010739584011,0.22137404580151454
264.56,264.84,263.61,264.16,3112718,24486,264.156711,0.8923804439020522,-0.1371010739584011
262.83,263.4,262.37,263.22,3231685,22751,262.90069,-0.6539159358935676,0.8923804439020522
262.14,262.14,260.95,261.51,4161583,30705,261.521076,-0.2625271087775327,-0.6539159358935676
261.9,262.07,261.0,261.6,3602862,21628,261.438088,-0.0915541313801782,-0.2625271087775327
261.92,262.25,260.58,261.4,2731802,21129,261.341241,0.0076365024818780824,-0.0915541313801782
263.82,264.3877,263.08,264.07,3395419,24751,263.616314,0.7254123396456924,0.0076365024818780824
264.02,264.19,263.15,263.81,2190288,14511,263.717246,0.0758092638920349,0.7254123396456924
265.28,265.32,263.93,264.53,2536082,18570,264.403951,0.47723657298688327,0.0758092638920349
265.1,265.19,263.92,264.53,2873566,20593,264.440081,-0.06785283474063375,0.47723657298688327
264.96,265.93,264.36,265.56,3699185,18567,265.358657,-0.05281026027915692,-0.06785283474063375
264.6,265.44,264.44,265.07,1604153,11231,264.978578,-0.13586956521737248,-0.05281026027915692
265.43,266.86,265.0632,266.48,3399175,18972,265.878294,0.313681027966739,-0.13586956521737248
266.38,266.7,265.73,265.92,1899821,13475,266.188549,0.35790980672869566,0.313681027966739
264.06,265.25,262.98,264.53,2333830,16396,264.141508,-0.8709362564757073,0.35790980672869566
264.42,265.34,263.86,265.34,1883384,13339,264.643023,0.13633265167007913,-0.8709362564757073
265.34,265.91,265.08,265.44,1522458,10285,265.541376,0.34793132138264404,0.13633265167007913
266.01,266.055,264.1,265.79,2259245,14603,265.43131,0.25250621843673215,0.34793132138264404
266.47,266.81,264.14,264.15,2902466,21147,265.661118,0.172925829856041,0.25250621843673215
263.76,264.445,261.68,262.88,3660796,26778,262.826717,-1.0170000375276933,0.172925829856041
264.32,265.25,263.6,264.97,2161568,15823,264.670636,0.2123142250530785,-1.0170000375276933
260.29,264.7,260.08,264.27,3283557,23786,262.701628,-1.524667070217911,0.2123142250530785
261.98,262.49,257.81,259.52,6758077,46087,260.335954,0.6492758077528915,-1.524667070217911
259.4,261.1067,258.81,259.66,4115167,29633,259.925602,-0.9848080006107485,0.6492758077528915
257.74,259.09,255.3701,258.44,7175426,47840,257.245983,-0.6399383191981411,-0.9848080006107485
257.55,260.54,255.04,259.92,5456134,43302,257.436714,-0.07371770000775824,-0.6399383191981411
254.67,255.7,252.59,253.47,6326032,54302,253.898062,-1.1182294700058382,-0.07371770000775824
254.4,257.23,254.24,255.81,4308796,29250,255.681216,-0.10601955471786217,-1.1182294700058382
254.17,257.63,253.74,256.92,4151560,27458,255.935379,-0.09040880503144999,-0.10601955471786217
258.0,260.08,257.85,259.16,3889707,23124,259.182408,1.5068654837313566,-0.09040880503144999
256.36,259.3926,256.21,257.44,3652916,25771,257.902606,-0.6356589147286762,1.5068654837313566
256.21,257.41,255.49,256.67,2613302,21675,256.618018,-0.05851146824779052,-0.6356589147286762
258.2,258.88,257.68,258.77,2376711,17536,258.309276,0.7767066078607332,-0.05851146824779052
257.96,258.86,257.47,257.6,2942596,15658,257.870657,-0.0929512006196731,0.7767066078607332
255.34,255.35,253.28,254.76,4616946,34221,254.616909,-1.0156613428438432,-0.0929512006196731
256.21,256.68,255.02,256.12,2258897,16372,255.948084,0.34072217435574537,-1.0156613428438432
256.12,257.21,253.46,253.47,4580059,25601,255.610143,-0.0351274345263608,0.34072217435574537
252.08,252.28,249.48,251.27,5192086,38219,251.174666,-1.5773856004997588,-0.0351274345263608
251.77,252.34,250.82,251.87,3454668,22911,251.692811,-0.12297683275150906,-1.5773856004997588
249.35,250.07,248.22,248.22,4891080,32507,249.131867,-0.9611947412320854,-0.12297683275150906
248.34,249.61,247.04,248.5,5479893,42738,248.331895,-0.40505313815920596,-0.9611947412320854
250.75,253.7,250.51,253.65,3796064,26256,252.236316,0.9704437464766125,-0.40505313815920596
255.22,255.8,254.07,255.73,2792381,20777,255.083778,1.7826520438684046,0.9704437464766125
256.12,258.35,255.53,257.72,2796181,19525,256.805276,0.35263694067864115,1.7826520438684046
258.5,261.12,258.4,260.25,3124909,22138,260.048672,0.9292519131657073,0.35263694067864115
261.88,262.5,260.94,260.99,3495929,17249,261.317524,1.3075435203094843,0.9292519131657073
262.66,262.87,256.95,260.88,2804590,15819,261.232495,0.29784634183596115,1.3075435203094843
260.8,261.26,259.99,260.45,1725501,10122,260.568673,-0.7081398005025608,0.29784634183596115
261.34,261.88,260.3737,261.56,1883518,12693,261.172492,0.20705521472390576,-0.7081398005025608
261.24,262.13,260.43,261.51,2260930,15207,261.298409,-0.03826432999156637,0.20705521472390576
261.64,262.18,260.97,261.68,1319478,10087,261.715443,0.15311590874291792,-0.03826432999156637
263.19,265.8,262.94,265.33,6147739,35197,264.959866,0.5924170616113722,0.15311590874291792
265.4,266.21,264.63,265.56,3920808,27139,265.597968,0.8396975568980558,0.5924170616113722
268.05,268.5,265.9,268.08,3471763,23265,267.591553,0.9984928409947358,0.8396975568980558
267.21,268.96,266.901,267.1,4446832,27435,267.706047,-0.31337437045328986,0.9984928409947358
267.28,267.91,267.1,267.17,1654193,13436,267.454514,0.02619662437781667,-0.31337437045328986
267.39,267.4,265.13,265.26,7620308,26790,266.382385,0.0411553427117628,0.02619662437781667
266.12,266.49,265.21,265.22,2141478,12233,265.747294,-0.4749616664796674,0.0411553427117628
265.42,265.91,264.5,265.15,1991505,15461,265.237704,-0.2630392304223572,-0.4749616664796674
265.94,266.26,265.07,265.85,2176213,16466,265.676455,0.1959159068645855,-0.2630392304223572
268.45,268.75,266.0,266.97,3981584,21009,267.209816,0.9438219147176019,0.1959159068645855
266.84,267.73,266.14,267.66,2775743,15121,267.016207,-0.5997392438070404,0.9438219147176019
268.3,269.6,268.28,269.56,1262891,9711,268.847675,0.5471443561684941,-0.5997392438070404
268.65,269.48,267.32,269.27,2157032,14742,268.656615,0.1304509877003257,0.5471443561684941
267.9,268.43,267.47,268.06,1423707,10698,267.925747,-0.27917364600781314,0.1304509877003257
266.75,268.12,266.69,267.86,1407000,11459,267.340431,-0.42926465098916955,-0.27917364600781314
268.76,269.88,268.17,268.69,1978567,13782,268.948605,0.7535145267103971,-0.42926465098916955
269.69,270.92,269.23,270.92,2238488,16193,270.236073,0.34603363595773207,0.7535145267103971
271.66,273.39,271.6,273.39,2411152,17292,272.59621,0.7304683154733205,0.34603363595773207
273.55,273.6,272.96,273.6,2624473,16446,273.340813,0.6957225944194789,0.7304683154733205
273.58,273.99,272.9012,273.42,1780375,12442,273.559483,0.01096691646864656,0.6957225944194789
273.28,273.45,272.18,272.28,1550805,11721,272.789558,-0.1096571386797307,0.01096691646864656
271.64,272.75,270.75,272.27,2124399,16197,271.79022,-0.6001170960187263,-0.1096571386797307
273.22,273.34,271.36,271.45,2364266,16752,272.427484,0.5816521867177293,-0.6001170960187263
271.77,272.16,270.8,271.65,1623561,13369,271.500829,-0.5307078544762645,0.5816521867177293
272.73,273.61,271.95,273.35,1722929,15956,272.876472,0.3532398719505503,-0.5307078544762645
272.25,272.85,271.8286,272.61,2355722,15190,272.573855,-0.17599824001760522,0.3532398719505503
272.48,272.58,270.5199,271.39,2348580,18232,271.595399,0.08448117539028299,-0.17599824001760522
271.67,272.05,271.11,271.86,1731277,15789,271.577449,-0.29726952436875953,0.08448117539028299
271.86,272.68,271.69,272.13,1346401,11410,272.203263,0.06993779217432383,-0.29726952436875953
271.06,272.155,270.62,271.91,1674302,12989,271.554715,-0.2942691091002758,0.06993779217432383
272.32,272.68,267.1025,268.52,5058843,39486,269.751774,0.46484173245775473,-0.2942691091002758
268.82,271.71,265.4,265.76,7225326,57285,268.037382,-1.285252643948298,0.46484173245775473
265.2,265.766,262.43,264.81,5691451,47418,264.13506,-1.3466259950896564,-1.285252643948298
260.99,261.15,255.13,257.1,6608174,52402,257.978698,-1.58748114630467,-1.3466259950896564
258.65,260.36,257.05,260.29,4991027,41522,258.828222,-0.8965860760948852,-1.58748114630467
257.11,260.69,254.36,260.24,5089469,43006,257.612334,-0.5953991880920051,-0.8965860760948852
261.46,264.13,260.5768,264.13,3637099,27712,262.52674,1.6918828516977014,-0.5953991880920051
263.38,264.44,261.25,263.18,3773003,28048,262.970266,0.7343379484433532,1.6918828516977014
261.42,262.17,258.56,259.4,2870415,23207,260.397507,-0.7441719189004381,0.7343379484433532
259.09,264.63,258.63,263.17,4332355,34328,262.959387,-0.8912860530946531,-0.7441719189004381
259.08,259.73,255.06,255.08,6147957,48613,257.120952,-0.003859662665484098,-0.8912860530946531
256.22,256.9473,253.93,256.36,4038455,37567,255.775623,-1.1039061293808716,-0.003859662665484098
257.33,259.25,256.87,258.88,2748371,22732,258.277569,0.4332214503161236,-1.1039061293808716
262.04,262.25,260.82,261.34,2033412,17928,261.480649,1.8303345898263101,0.4332214503161236
261.02,261.56,259.4735,259.69,1981083,20473,260.514252,-0.3892535490764959,1.8303345898263101
261.83,262.66,261.49,262.03,2163005,18841,262.0319,0.31032104819554984,-0.3892535490764959
262.71,263.82,260.95,262.56,2329657,19465,262.587622,0.33609594011381194,0.31032104819554984
261.27,263.19,255.04,256.29,6296264,61220,258.991433,-0.5481329222336462,0.33609594011381194
258.97,259.42,257.18,259.1,3146845,30170,258.393423,-0.8803153825544308,-0.5481329222336462
260.51,260.56,257.24,257.8,3081241,24331,258.665386,0.5946634745337187,-0.8803153825544308
257.02,260.46,256.34,260.39,2743182,21165,258.880455,-1.3396798587386294,0.5946634745337187
262.91,264.24,262.0,263.9,3742555,26659,263.455043,2.2916504552175088,-1.3396798587386294
265.2,265.4,263.1701,264.13,2443354,18605,264.298066,0.8710205013122252,2.2916504552175088
262.06,262.2,260.03,261.42,3092010,26404,261.101337,-1.1840120663650033,0.8710205013122252
263.58,263.95,262.77,263.93,1971058,14760,263.270874,0.5800198427840852,-1.1840120663650033
266.73,268.7089,266.7,267.68,3624350,27414,267.849212,1.1950830867289097,0.5800198427840852
268.09,268.94,267.41,268.32,2470577,16363,268.232429,0.5098789037603302,1.1950830867289097
268.85,269.405,268.03,268.8,2243429,17445,268.733598,0.28348688873141015,0.5098789037603302
268.42,269.42,267.55,269.39,2654313,19420,268.379735,-0.15994048726055698,0.28348688873141015
269.72,271.735,269.22,271.69,1900408,15573,270.552036,0.48431562476716206,-0.15994048726055698
272.62,273.44,271.46,272.32,3272324,29910,272.510182,1.075189084977013,0.48431562476716206
272.92,273.28,272.46,272.6,2182689,19605,272.850202,0.11004328369159655,1.075189084977013
271.54,272.21,270.8,271.17,4077522,18620,272.124361,-0.5056426791733792,0.11004328369159655
270.59,271.58,270.37,271.56,1762986,13631,271.006453,-0.34985637475143383,-0.5056426791733792
271.24,272.13,269.48,271.97,3056480,23479,271.065842,0.24021582467941283,-0.34985637475143383
272.47,273.2,271.13,271.42,3268663,21957,272.170062,0.4534729390945458,0.24021582467941283
271.39,271.76,269.09,269.25,4095943,40319,270.645631,-0.39637391272435707,0.4534729390945458
268.22,269.97,268.07,269.36,1913266,16529,269.032825,-1.168060724418718,-0.39637391272435707
270.42,270.609,266.88,267.97,3745984,34708,268.441171,0.8202222056520769,-1.168060724418718
268.4,270.13,267.42,269.58,3413791,23818,269.087243,-0.7469861696620228,0.8202222056520769
270.01,270.01,267.9,268.88,2406636,19548,269.098008,0.5998509687034304,-0.7469861696620228
269.58,269.97,267.0,267.99,3172209,28788,268.386703,-0.15925336098663312,0.5998509687034304
268.51,269.83,268.51,269.18,2132213,17031,269.084301,-0.3969137176348392,-0.15925336098663312
269.76,270.29,265.45,265.5,3568373,32012,266.98346,0.46553200998100674,-0.3969137176348392
264.02,264.06,259.5739,260.72,7035988,55581,261.539765,-2.1278173190984573,0.46553200998100674
260.34,262.03,257.38,262.01,5684896,50400,260.356147,-1.3938338004696682,-2.1278173190984573
262.88,265.85,262.72,265.66,3229515,20796,264.669084,0.975647230544685,-1.3938338004696682
264.89,266.5,264.1851,264.74,2343319,18711,265.323739,0.764607425441266,0.975647230544685
262.64,264.21,261.35,261.58,3943473,27703,262.381469,-0.8494091887198407,0.764607425441266
263.44,264.24,262.48,263.43,2064206,17547,263.431892,0.30459945172098823,-0.8494091887198407
263.23,266.0289,263.11,265.01,2430485,16312,264.890512,-0.0797145460066706,0.30459945172098823
267.86,270.14,267.62,268.16,4186362,31506,268.916486,1.7589180564525408,-0.0797145460066706
267.6,268.73,267.4352,267.86,1212897,9054,268.110218,-0.09706563129993073,1.7589180564525408
269.12,271.19,268.86,270.22,3181260,15872,270.139546,0.568011958146486,-0.09706563129993073
269.79,270.56,269.4,270.08,2419461,16195,270.038287,0.24895957193817875,0.568011958146486
270.67,271.15,269.71,270.38,1894478,12383,270.456218,0.3261796211868395,0.24895957193817875
269.61,275.0,267.62,267.64,2241257,17196,268.904172,-0.3916207928473803,0.3261796211868395
268.06,268.37,267.4,268.21,1384108,12211,267.974417,-0.5749044916731672,-0.3916207928473803
268.48,269.38,267.76,267.82,2546297,14767,268.36372,0.15668133999851008,-0.5749044916731672
268.12,268.9,267.36,268.24,1702911,11243,268.017195,-0.1340882002383803,0.15668133999851008
269.02,269.12,267.06,267.98,1846919,14252,267.851142,0.33567059525585474,-0.1340882002383803
267.72,270.12,267.625,269.6,1825533,14504,269.264455,-0.48323544717863154,0.33567059525585474
270.82,271.58,270.1868,270.81,1813273,11810,270.855724,1.1579261915434014,-0.48323544717863154
270.47,271.6,270.31,270.87,2885958,19584,270.819282,-0.12923713167416473,1.1579261915434014
270.87,271.99,269.88,271.74,2146934,14120,270.905118,0.14789070876621846,-0.12923713167416473
271.55,271.66,269.07,270.48,3024439,18428,270.277575,0.25104293572562053,0.14789070876621846
271.86,273.34,271.69,273.34,2989672,17748,272.782498,0.11415945498067792,0.25104293572562053
274.8,275.05,273.96,274.55,1574198,11833,274.57461,1.081438975943505,0.11415945498067792
275.08,275.51,274.43,274.81,1712964,12464,274.982197,0.10189228529839944,1.081438975943505
275.02,275.21,273.99,274.8,1607540,12371,274.691888,-0.021811836556639985,0.10189228529839944
276.57,278.05,276.5567,277.05,3029454,22224,277.234634,0.5635953748818201,-0.021811836556639985
277.16,277.24,276.05,277.07,1512713,11576,276.677049,0.21332754817948718,0.5635953748818201
275.82,277.41,275.39,277.16,1731935,10174,276.770764,-0.48347524895367977,0.21332754817948718
277.42,277.99,276.64,277.29,1695664,11835,277.420754,0.5800884634906911,-0.48347524895367977
276.34,278.4,276.17,278.05,2599747,15923,277.662858,-0.38930142022927106,0.5800884634906911
277.88,278.32,277.09,278.23,1586544,9805,277.93169,0.5572845045958008,-0.38930142022927106
278.84,279.95,278.495,279.94,2363768,14163,279.221758,0.345472865985319,0.5572845045958008
279.76,280.36,279.61,280.27,1793881,11880,280.069698,0.32993831588008504,0.345472865985319
280.83,280.84,278.87,279.33,1931159,14539,279.577026,0.3824706891621288,0.32993831588008504
278.64,278.9,276.72,278.2,2468704,18438,277.871133,-0.7798312146138242,0.3824706891621288
278.33,278.42,277.16,277.72,1383591,9926,277.79956,-0.11125466551823449,-0.7798312146138242
278.38,279.03,277.7901,278.86,1419523,10715,278.533258,0.017964286997451673,-0.11125466551823449
279.7,280.81,279.64,280.8,1815539,10324,280.015557,0.47417199511459174,0.017964286997451673
281.07,281.58,280.6053,281.36,1305784,9495,281.158332,0.48981051126206765,0.47417199511459174
281.61,281.91,281.01,281.91,1790471,9809,281.555182,0.19212295869357465,0.48981051126206765
281.3,281.57,280.84,280.95,811888,6101,281.202599,-0.11008131813501354,0.19212295869357465
281.45,281.49,278.2,278.2,2552515,18661,279.151861,0.05332385353713498,-0.11008131813501354
275.42,275.64,273.62,275.51,3837952,23236,275.147085,-2.1424764611831515,0.05332385353713498
277.0,277.76,276.61,277.05,1932383,11159,277.174605,0.5736693050613528,-2.1424764611831515
277.86,277.86,276.1514,277.36,1455896,10718,276.973125,0.31046931407943124,0.5736693050613528
279.45,280.94,279.3881,280.7,2686913,15856,279.993901,0.5722306197365468,0.31046931407943124
280.4,280.72,279.697,279.76,1469588,9287,280.141299,0.3399534800500925,0.5722306197365468
279.69,280.14,278.63,279.46,1408673,10647,279.524243,-0.25320970042794766,0.3399534800500925
279.18,279.9,278.65,279.72,1923610,10164,279.459202,-0.18234473881797442,-0.25320970042794766
279.52,282.95,279.24,281.95,3791845,25268,281.441735,0.12178522816819193,-0.18234473881797442
281.93,283.61,281.0,282.11,3066885,23657,282.234446,0.862192329708078,0.12178522816819193
283.04,284.11,282.93,283.07,2120679,12770,283.281625,0.3937147518887629,0.862192329708078
283.19,284.0,282.91,283.4,1698149,12812,283.538855,0.052996042962116796,0.3937147518887629
283.79,283.91,283.15,283.21,1606536,9361,283.529755,0.21187188813165392,0.052996042962116796
283.65,284.54,283.5701,284.46,1816492,11706,284.143375,-0.04933225272210073,0.21187188813165392
284.72,285.0584,284.32,284.46,3638299,22181,284.845479,0.3772254539044839,-0.04933225272210073
285.34,285.66,285.15,285.33,2566018,16177,285.333516,0.21775779713399945,0.3772254539044839
285.63,285.63,284.87,285.01,611593,5999,285.079291,0.10163313941262686,0.21775779713399945
285.3,286.1,285.2,286.06,933330,7989,285.603268,-0.11553408255434716,0.10163313941262686
286.83,286.85,285.9,286.33,1930421,14890,286.500802,0.5362776025236604,-0.11553408255434716
286.34,286.41,284.1184,284.53,2556317,16413,285.196433,-0.17083289753513364,0.5362776025236604
283.91,285.31,283.56,285.1,1342361,11121,284.341808,-0.848641475169365,-0.17083289753513364
286.44,288.63,286.15,288.62,3871798,24926,287.087796,0.8911274699728633,-0.848641475169365
285.38,287.11,285.18,286.32,3296709,22428,286.517574,-0.3700600474794036,0.8911274699728633
284.29,287.03,284.16,286.98,1648684,13583,285.650782,-0.3819468778470725,-0.3700600474794036
286.3,286.7873,285.58,285.74,1526173,12197,285.775792,0.7070245172183354,-0.3819468778470725
285.32,288.67,285.0825,287.4,3138656,19287,287.604925,-0.342298288508569,0.7070245172183354
288.95,289.84,288.43,289.56,1791691,14299,289.216718,1.2722557128837853,-0.342298288508569
289.96,290.043,287.84,288.24,2989836,17623,289.050622,0.3495414431562427,1.2722557128837853
288.79,289.08,288.14,289.02,1471574,10816,288.711452,-0.4035039315767541,0.3495414431562427
288.87,290.49,288.72,289.22,2202118,17596,289.467663,0.027701790228196188,-0.4035039315767541
288.98,291.242,288.9527,290.35,2195108,16107,290.43125,0.038079412884695074,0.027701790228196188
291.63,292.97,291.47,292.93,2522044,16752,292.214562,0.9170184787874458,0.038079412884695074
293.57,293.61,292.79,293.27,2147389,13140,293.231273,0.6652264856153334,0.9170184787874458
292.44,293.28,291.37,291.83,4796910,21961,292.326031,-0.38491671492318913,0.6652264856153334
292.5,293.0693,291.58,291.81,2077014,11499,292.426776,0.020517029134192732,-0.38491671492318913
290.75,291.86,289.6,291.54,1872555,15385,290.720382,-0.5982905982905962,0.020517029134192732
292.54,292.77,288.34,289.8,3612534,28219,290.18258,0.615649183147049,-0.5982905982905962
284.85,286.645,283.86,285.36,4130172,31920,285.803047,-2.6287003486702654,0.615649183147049
286.22,288.19,285.75,287.29,2999201,21251,286.896059,0.4809548885378323,-2.6287003486702654
288.99,289.28,287.2139,287.29,2139529,17469,288.205745,0.9677870169799485,0.4809548885378323
285.67,288.77,284.85,288.54,3433213,28791,286.603456,-1.148828679193048,0.9677870169799485
286.93,287.23,281.61,282.42,4904560,44050,283.892988,0.44106836559667517,-1.148828679193048
283.69,286.26,283.5006,283.98,3170535,25819,284.576042,-1.1291952741086742,0.44106836559667517
287.68,289.0,287.4238,288.04,3004116,20095,288.316528,1.4064648031301807,-1.1291952741086742
290.76,293.04,289.95,292.86,3305903,22847,291.039503,1.0706340378197954,1.4064648031301807
294.02,294.14,292.45,293.74,2857207,19995,293.523992,1.1211996148025927,1.0706340378197954
292.76,292.81,290.66,291.19,3839279,23576,291.750437,-0.4285422760356372,1.1211996148025927
290.2,292.96,290.16,292.95,2877674,15247,291.861673,-0.8744363984150794,-0.4285422760356372
294.35,294.42,292.28,292.94,1994456,15651,293.441495,1.4300482425913197,-0.8744363984150794
294.63,295.87,294.53,295.72,2804383,17909,295.054232,0.09512485136740079,1.4300482425913197
294.39,295.84,293.92,294.82,2637966,17537,294.802469,-0.08145809998981735,0.09512485136740079
294.97,295.13,293.4,294.54,1861714,15446,294.330918,0.19701756173784446,-0.08145809998981735
293.14,293.88,291.76,292.95,2414999,20122,292.916733,-0.6204020747872852,0.19701756173784446
293.8,294.72,293.385,294.1,1474385,11609,294.110541,0.22514839325920022,-0.6204020747872852
293.56,294.2925,290.17,292.78,3493860,26965,292.304639,-0.0816882232811511,0.22514839325920022
290.8,291.05,288.75,289.74,3272936,25279,289.856818,-0.9401825861834023,-0.0816882232811511
280.23,282.7799,278.97,279.56,6595437,55060,281.206256,-3.6348005502063296,-0.9401825861834023
280.84,281.36,269.8835,270.7,9903684,77300,275.11348,0.2176783356528489,-3.6348005502063296
272.01,275.31,268.83,269.74,7514831,62721,271.845723,-3.1441390115368173,0.2176783356528489
264.86,267.73,257.39,257.5,11188868,87590,263.681974,-2.628579831623834,-3.1441390115368173
250.31,255.12,247.0,254.56,17680402,152199,250.944633,-5.493468247375977,-2.628579831623834
256.71,267.25,254.06,267.03,8544492,71833,259.642005,2.5568295313810774,-5.493468247375977
267.99,271.02,257.18,259.3,11482599,95637,263.605222,4.394063339955601,2.5568295313810774
265.45,271.11,262.96,270.89,5408313,47957,266.587326,-0.9477965595731219,4.394063339955601
264.18,266.5299,259.56,261.46,5880373,53942,262.986931,-0.4784328498775636,-0.9477965595731219
253.68,260.1,252.43,258.85,7372437,66455,255.504206,-3.974562798092207,-0.4784328498775636
241.5,247.0714,237.1701,238.72,10406912,91944,241.661506,-4.801324503311266,-3.974562798092207
247.67,250.54,237.09,250.47,9407066,65322,243.652703,2.5548654244306412,-4.801324503311266
243.58,244.91,233.6,235.84,7732866,61743,239.645173,-1.6513909637824398,2.5548654244306412
220.5,229.0,211.83,212.11,17322591,145230,218.169781,-9.475326381476313,-1.6513909637824398
225.65,232.48,213.2946,232.11,13676016,105629,220.382262,2.335600907029489,-9.475326381476313
206.41,218.31,201.51,202.49,12407095,103988,209.91841,-8.526479060491921,2.335600907029489
207.01,214.47,199.35,213.47,16128070,113184,207.124291,0.29068359091128926,-8.526479060491921
199.88,205.44,189.67,199.39,13369961,124575,198.25051,-3.444278054200278,0.29068359091128926
198.37,204.98,192.32,201.31,13532125,105988,200.240604,-0.755453271963169,-3.444278054200278
203.29,205.29,191.0,191.9,12206091,100250,198.683263,2.4802137419972725,-0.755453271963169
190.01,191.2,182.1,186.13,15712386,136551,186.956994,-6.532539721580011,2.4802137419972725
196.61,207.21,196.205,206.64,14123621,115069,200.394271,3.4735013946634474,-6.532539721580011
210.57,220.17,205.32,212.06,17556071,149111,213.992495,7.100350948578393,3.4735013946634474
214.43,225.87,214.01,225.07,16071888,116043,219.419504,1.833119627677271,7.100350948578393
217.65,223.26,214.57,216.35,10545574,86525,218.636056,1.5016555519283603,1.833119627677271
217.36,223.72,215.1,223.1,7691811,55213,219.734912,-0.13324144268320737,1.5016555519283603
222.32,224.75,218.44,219.23,8426666,58307,221.834425,2.2819285977180526,-0.13324144268320737
210.5,214.78,207.767,209.38,8570347,65726,211.237174,-5.316660669305506,2.2819285977180526
208.31,214.79,207.18,213.96,8231894,59270,211.452599,-1.04038004750594,-5.316660669305506
212.75,214.55,208.69,210.6,6664520,52222,211.001165,2.131438721136769,-1.04038004750594
218.96,227.91,218.12,226.53,10322981,79220,222.534994,2.9189189189189335,2.131438721136769
235.23,236.16,226.45,226.6,10857930,84873,231.835935,7.430580928023378,2.9189189189189335
229.14,235.25,226.84,234.33,7010161,64120,231.79894,-2.5889554903711254,7.430580928023378
238.02,240.19,235.105,237.14,9418378,83021,238.055355,3.8753600418957923,-2.5889554903711254
236.41,236.69,230.96,233.96,6762336,49625,233.583821,-0.6764137467439757,3.8753600418957923
238.7,240.47,236.88,239.68,5391925,47437,239.120413,0.9686561482170841,-0.6764137467439757
234.31,236.58,232.3908,235.08,6828005,56165,234.515515,-1.8391286133221607,0.9686561482170841
235.75,236.06,232.18,235.34,6126358,53828,234.890346,0.6145704408689223,-1.8391286133221607
241.66,242.6598,238.25,242.43,5924520,50843,240.399955,2.506892895015911,0.6145704408689223
238.22,241.11,236.26,236.64,7357517,68564,238.417384,-1.4234875444839812,2.506892895015911
231.39,233.34,229.41,230.22,6571600,74678,231.228943,-2.8670976408362026,-1.4234875444839812
234.4,236.27,233.39,234.77,4323992,35331,234.640947,1.3008340896322412,-2.8670976408362026
235.51,238.92,234.83,235.07,6365822,45397,236.297451,0.4735494880546032,1.3008340896322412
236.46,238.33,234.2,237.83,3572511,31455,236.2644,0.40337989894272397,0.4735494880546032
239.12,242.19,238.45,241.32,3632509,30843,240.542758,1.1249259917110788,0.40337989894272397
245.01,245.16,240.36,241.09,4709897,37213,242.736945,2.463198394111732,1.1249259917110788
245.48,247.665,244.2,246.45,5015346,36832,245.866481,0.19182890494264804,2.463198394111732
244.12,245.17,241.91,243.22,4928857,40428,243.461456,-0.5540166204986097,0.19182890494264804
239.58,240.33,236.5,237.28,4723466,38691,237.92347,-1.8597411109290474,-0.5540166204986097
235.07,237.7497,233.64,237.42,3845484,28434,235.637361,-1.8824609733700703,-1.8597411109290474
240.02,241.735,238.7,238.8,3143506,28336,240.468435,2.105755732335046,-1.8824609733700703
240.38,240.54,236.6017,236.86,3082265,23405,238.484242,0.14998750104158187,2.105755732335046
239.24,241.18,238.55,238.91,3411516,29415,239.803045,-0.4742491055828246,0.14998750104158187
242.25,243.8,241.34,243.62,3904506,27880,242.547826,1.258150810901193,-0.4742491055828246
241.59,243.94,241.0,242.56,2742952,23671,242.456218,-0.27244582043343124,1.258150810901193
243.81,244.14,237.94,238.08,6433919,36337,240.362026,0.9189122066310729,-0.27244582043343124
236.96,237.5,231.0233,232.82,7531319,45120,234.794889,-2.8095648250687,0.9189122066310729
230.15,236.76,228.3,236.75,6964615,44899,233.389914,-2.8739027683997276,-2.8095648250687
234.16,237.25,233.41,236.91,4811095,30710,235.694921,1.7423419509015714,-2.8739027683997276
243.5,247.2,243.361,245.93,5234302,39258,245.135053,3.988725657669967,1.7423419509015714
245.43,246.02,242.07,242.22,4404742,32764,244.554598,0.7926078028747563,3.988725657669967
245.4,246.58,244.73,245.73,3280550,23839,245.503123,-0.012223444566683561,0.7926078028747563
245.55,247.38,243.88,245.02,3378211,26327,245.460295,0.06112469437653534,-0.012223444566683561
244.86,245.1,243.17,244.88,2521101,20376,244.213808,-0.28100183262064204,0.06112469437653534
250.84,252.02,249.88,250.25,4872320,32368,250.982336,2.4422118761741274,-0.28100183262064204
253.75,255.79,250.33,255.77,5326092,38464,253.324625,1.160102057088186,2.4422118761741274
257.87,257.94,253.8877,254.35,4971255,36718,256.411946,1.6236453201970535,1.160102057088186
253.27,255.32,250.68,254.29,5132697,41818,253.273935,-1.7838445728467822,1.6236453201970535
253.78,255.55,252.7,255.27,2079746,19472,254.701011,0.20136613100643075,-1.7838445728467822
256.55,257.92,255.71,257.85,3045777,23120,256.911355,1.091496571833872,0.20136613100643075
260.35,264.0,259.66,263.17,5184539,38991,261.668556,1.4811927499512878,1.091496571833872
262.36,264.43,261.385,263.33,3937067,31812,262.899752,0.7720376416362473,1.4811927499512878
270.43,273.95,269.79,271.54,7866818,60604,271.524175,3.0759262082634464,0.7720376416362473
273.38,276.38,272.9,276.28,4667654,38102,274.456408,1.090855304515026,3.0759262082634464
273.24,275.02,272.13,273.38,4632795,34737,273.880616,-0.05121076889310627,1.090855304515026
273.2,274.1799,270.01,270.46,6531258,47420,271.74431,-0.014639145073935822,-0.05121076889310627
262.02,263.51,251.3801,252.03,14258253,111919,258.776054,-4.0922401171303076,-0.014639145073935822
259.03,260.32,251.43,256.74,9818675,85737,255.666744,-1.141134264559962,-4.0922401171303076
250.18,259.6,249.1,258.35,7421830,59677,254.963157,-3.4165926726633877,-1.141134264559962
267.14,267.14,258.69,263.82,9238585,64633,263.392472,6.779119034295289,-3.4165926726633877
264.59,264.7,261.26,261.82,3669349,31284,263.176145,-0.9545556636969432,6.779119034295289
260.04,262.26,259.11,261.45,3268725,29615,260.921987,-1.7196417098151673,-0.9545556636969432
264.25,264.46,257.61,258.8,5852615,45216,260.932831,1.6189816951238223,-1.7196417098151673
257.87,260.58,256.68,260.32,2823522,28617,259.164172,-2.4143803216650883,1.6189816951238223
262.83,263.15,261.02,261.5,2948032,25564,262.340862,1.9234498002869582,-2.4143803216650883
259.17,259.52,252.94,254.63,5903533,52215,255.462085,-1.3925350987330054,1.9234498002869582
253.38,257.7125,252.06,257.44,4312400,34450,255.07373,-2.2340548674615213,-1.3925350987330054
255.65,256.0543,249.7,250.38,5331447,50604,252.086306,0.8958875996526894,-2.2340548674615213
252.18,256.12,250.95,255.91,3759098,32710,253.871115,-1.3573244670447848,0.8958875996526894
255.07,259.05,254.7226,257.87,3667863,30808,256.689636,1.146006820525014,-1.3573244670447848
258.87,260.2563,257.14,257.31,3575294,31258,258.489288,1.4897871172619315,1.146006820525014
261.06,262.17,257.88,258.42,3829965,33379,260.089699,0.8459844709699738,1.4897871172619315
262.16,263.14,260.87,263.0,2989142,29893,262.203867,0.4213590745422602,0.8459844709699738
261.1,261.85,258.78,259.04,2828724,25715,260.746337,-0.40433323161428447,0.4213590745422602
259.66,261.19,258.25,260.72,2837856,24140,259.959393,-0.5515128303332006,-0.40433323161428447
260.94,261.189,255.35,257.24,3995584,39877,257.675653,0.49295232226755914,-0.5515128303332006
257.12,261.16,256.46,260.82,3110122,28479,259.143019,-1.4639380700544158,0.49295232226755914
263.06,266.52,260.58,261.04,4875974,38056,263.665617,2.3102053515868137,-1.4639380700544158
260.54,267.05,260.1,266.59,7614561,52968,264.335893,-0.9579563597658214,2.3102053515868137
270.44,270.54,267.05,268.91,5220604,40892,269.123086,3.7998004145236797,-0.9579563597658214
267.16,268.93,266.02,267.47,2478069,25697,267.490616,-1.2128383375240248,3.7998004145236797
267.96,268.07,266.17,266.74,3415083,24390,267.005454,0.29944602485401095,-1.2128383375240248
266.39,267.64,265.03,266.82,4017368,25090,266.494531,-0.5859083445290292,0.29944602485401095
268.77,270.27,267.65,268.34,3179711,26837,269.058062,0.893426930440322,-0.5859083445290292
267.82,270.35,267.77,269.98,2039285,19007,269.11573,-0.3534620679391254,0.893426930440322
269.64,269.78,265.62,266.69,2838003,26293,267.822301,0.6795608991113422,-0.3534620679391254
265.1,266.3399,264.05,264.69,2637706,23417,265.233274,-1.6837264500815796,0.6795608991113422
264.84,266.31,264.35,265.95,2637853,24094,265.380427,-0.09807619766127873,-1.6837264500815796
264.92,265.61,263.63,263.93,1989346,17011,264.838724,0.030206917384090204,-0.09807619766127873
264.22,266.07,263.8,265.5,1917868,20007,264.949574,-0.2642307111580866,0.030206917384090204
262.48,263.82,259.941,263.28,3055612,29430,262.423831,-0.6585421239875933,-0.2642307111580866
263.77,264.49,260.18,264.35,3317252,31396,262.40933,0.49146601645837507,-0.6585421239875933
265.67,267.15,265.35,266.72,2570980,24669,266.138783,0.7203245251545143,0.49146601645837507
266.31,268.42,266.03,268.41,1909762,19329,267.432531,0.24090036511461577,0.7203245251545143
269.99,272.27,269.9,272.0,2133451,20852,271.287841,1.3818482219969175,0.24090036511461577
271.63,274.03,271.57,273.9,1948108,18157,272.776354,0.6074299048112852,1.3818482219969175
273.21,274.82,272.475,274.62,2311296,21549,273.598424,0.5816736001178047,0.6074299048112852
275.48,278.28,275.48,278.14,2313886,22873,277.157006,0.8308627063431162,0.5816736001178047
280.9,281.78,276.47,277.19,4546416,41351,280.234275,1.9674749528096225,0.8308627063431162
279.84,280.74,278.72,280.04,2666251,21402,279.421609,-0.37735849056603765,1.9674749528096225
279.1,280.22,278.2262,279.42,1668346,17648,279.377002,-0.2644368210405812,-0.37735849056603765
278.23,280.1599,277.9,279.8,2247041,18392,279.171983,-0.31171623074167654,-0.2644368210405812
280.14,280.25,278.5,278.95,2436887,20906,279.337269,0.686482406641975,-0.31171623074167654
279.1,279.37,277.11,278.2,1678320,17701,278.373073,-0.3712429499535763,0.686482406641975
278.68,279.74,276.97,277.43,3374281,24755,278.769607,-0.15048369759943503,-0.3712429499535763
276.04,278.34,275.87,277.87,2063727,19309,277.361039,-0.9473230945887701,-0.15048369759943503
277.07,279.61,276.86,279.29,2601159,21914,278.307688,0.3731343283581934,-0.9473230945887701
281.72,283.25,280.47,283.18,2622765,23733,281.920247,1.6782762478796176,0.3731343283581934
284.23,284.23,281.02,282.62,3346049,25373,282.563887,0.8909555587107709,1.6782762478796176
282.61,283.61,281.57,283.43,2647495,21212,282.735349,-0.569960947120296,0.8909555587107709
284.4,286.45,283.68,285.04,3432795,27925,285.199737,0.6333816920844892,-0.569960947120296
286.25,287.45,285.0,286.7,2715534,29022,286.274675,0.6504922644163136,0.6333816920844892
286.26,286.34,283.8919,284.28,4070137,31300,284.977077,0.0034934497816552224,0.6504922644163136
283.72,286.93,283.17,286.79,3036302,26709,285.148249,-0.8873052469782539,0.0034934497816552224
288.05,292.06,287.6,291.21,3464294,31318,289.374493,1.526152544762427,-0.8873052469782539
290.97,292.36,281.1,283.34,6118525,60695,285.535414,1.0137128970664877,1.526152544762427
284.91,285.79,277.01,281.77,7145822,64476,281.493626,-2.082688937003818,1.0137128970664877
278.81,278.83,275.0105,275.42,4780144,45410,276.866196,-2.141026990979611,-2.082688937003818
278.09,282.49,277.39,279.85,3488892,32785,280.243622,-0.2582403787525611,-2.141026990979611
281.13,282.17,274.85,275.79,3455758,36512,278.191315,1.0931712754863598,-0.2582403787525611
277.02,278.82,274.96,277.09,2787455,29973,276.916537,-1.4619571016967314,1.0931712754863598
278.92,281.43,278.6721,280.53,2371735,22983,280.198291,0.6858710562414494,-1.4619571016967314
282.42,282.9,279.88,280.58,2331755,20165,281.514121,1.2548400975189944,0.6858710562414494
281.54,284.2334,280.7803,281.03,2668303,21148,281.86611,-0.3115926634091104,1.2548400975189944
277.7,281.15,277.09,279.57,3328688,31962,279.017825,-1.3639269730766568,-0.3115926634091104
279.0,279.4,274.7731,276.52,3156787,29061,277.516511,0.46813107670147236,-1.3639269730766568
271.59,272.17,267.05,271.44,5936941,48323,270.673163,-2.6559139784946284,0.46813107670147236
271.67,273.24,269.79,272.81,3169839,26337,271.705782,0.02945616554366204,-2.6559139784946284
274.18,274.59,267.08,267.58,3588518,34837,270.356594,0.923915043987189,0.02945616554366204
266.86,270.8777,265.27,268.1,4432082,35879,267.891289,-2.6697789773141745,0.923915043987189
266.76,272.31,266.23,271.7,3606821,28750,269.298255,-0.03747283219666109,-2.6697789773141745
275.26,277.12,274.72,275.9,2790187,21479,275.788195,3.1863847653321287,-0.03747283219666109
275.6,275.98,273.29,274.42,1980155,18471,274.818771,0.12351958148659747,3.1863847653321287
275.0,280.17,275.0,277.5,4028462,34571,277.899076,-0.21770682148041232,0.12351958148659747
279.33,280.35,276.57,278.14,2967993,26390,278.458392,1.5745454545454507,-0.21770682148041232
274.12,278.51,273.6,276.8,4771603,39850,276.794247,-1.8651773887516487,1.5745454545454507
278.79,281.59,278.75,281.51,1862497,16955,280.449121,1.703633445206476,-1.8651773887516487
282.43,283.52,277.24,277.72,4366415,38285,280.323078,1.3056422396786171,1.703633445206476
280.28,283.67,280.23,282.92,2422622,22345,282.221076,-0.7612505753638144,1.3056422396786171
284.47,284.68,282.69,284.29,2147964,18462,284.0246,1.4949336377908073,-0.7612505753638144
285.55,286.81,284.41,285.93,2549141,22119,285.742941,0.37965339051568847,1.4949336377908073
286.96,289.61,286.68,288.46,2534786,23112,288.157137,0.49378392575729624,0.37965339051568847
287.67,288.1099,286.02,286.74,2430643,22160,287.297881,0.24742124337888693,0.49378392575729624
287.2,287.95,284.58,285.13,2269823,22348,286.030016,-0.16338165258804604,0.24742124337888693
282.03,285.4,281.66,285.04,3135018,23177,284.064888,-1.8001392757660217,-0.16338165258804604
286.15,288.37,285.89,285.97,2412674,20393,286.74033,1.4608374995567885,-1.8001392757660217
286.65,287.06,281.28,282.03,2837641,25878,284.340829,0.17473353136467917,1.4608374995567885
283.16,285.66,282.25,282.95,3338994,26492,283.438898,-1.2175126460840624,0.17473353136467917
282.54,284.47,281.83,281.97,2907083,22350,283.031499,-0.2189574798700411,-1.2175126460840624
282.07,284.16,280.3001,283.65,2324172,22005,282.661729,-0.16634812769874552,-0.2189574798700411
284.45,284.54,281.51,283.34,2161010,19512,283.107755,0.8437621866912437,-0.16634812769874552
280.14,280.39,273.7,277.0,5140625,50982,276.706779,-1.5152047811566205,0.8437621866912437
276.95,277.07,274.6,274.66,3029773,28181,275.727793,-1.1387163561076608,-1.5152047811566205
269.0,270.75,265.02,265.48,5815157,56981,267.367239,-2.8705542516699767,-1.1387163561076608
265.14,268.94,262.81,266.59,5479384,42143,266.087876,-1.4349442379182231,-2.8705542516699767
265.03,266.32,261.41,265.06,5279933,50225,263.618766,-0.04148751602927048,-1.4349442379182231
268.95,270.5,266.93,269.2,5062870,38283,268.130541,1.4790778402445026,-0.04148751602927048
272.69,276.43,272.2,274.65,4343334,39533,274.810794,1.3905930470347716,1.4790778402445026
276.02,283.06,275.5601,278.51,13331216,119350,279.155627,1.2211668928086672,1.3905930470347716
282.29,284.9599,282.07,283.91,4316166,39163,283.532776,2.2715745235852625,1.2211668928086672
283.96,284.38,281.89,283.22,3096245,26756,283.274806,0.5915902086506719,2.2715745235852625
299.17,299.49,291.39,291.72,10839330,95336,296.217551,5.356388223693487,0.5915902086506719
293.3,294.96,291.4,294.51,4354523,43102,293.471063,-1.962095129859276,5.356388223693487
296.07,296.14,292.93,294.11,2910419,28602,294.468241,0.9444255028980608,-1.962095129859276
292.22,293.32,289.19,291.05,4401456,43188,291.296939,-1.3003681561792657,0.9444255028980608
292.97,295.9235,292.42,295.15,3102834,28418,294.076966,0.2566559441516736,-1.3003681561792657
299.28,300.08,297.568,299.98,4616014,37515,298.711853,2.153804143768978,0.2566559441516736
297.31,299.15,295.6,298.31,4049164,32073,297.906012,-0.6582464581662562,2.153804143768978
298.94,299.75,294.76,294.76,3566443,30855,297.882784,0.5482493020752655,-0.6582464581662562
294.06,295.81,292.9,295.33,3266622,28496,294.349438,-1.6324346022613234,0.5482493020752655
294.22,294.5895,292.2,292.53,3092546,34106,293.333128,0.054410664490256444,-1.6324346022613234
294.26,296.65,293.48,295.89,2855621,26088,295.171313,0.013595268846433584,0.054410664490256444
298.94,301.11,298.3,300.43,4022685,34226,299.715458,1.5904302317678365,0.013595268846433584
299.95,300.04,298.05,298.74,2629230,24550,298.844819,0.33786044022210415,1.5904302317678365
299.44,300.2,298.1701,299.24,1518004,12878,299.18659,-0.17002833805633832,0.33786044022210415
297.52,297.8,294.75,296.62,4159303,36206,296.133489,-0.6411969008816465,-0.17002833805633832
299.73,301.0099,298.18,298.44,2871431,24687,299.285382,0.7428072062382496,-0.6411969008816465
297.05,299.34,296.35,299.18,2481696,21719,298.15088,-0.8941380575851587,0.7428072062382496
299.36,301.4,299.0531,300.06,3140866,24431,300.294236,0.7776468607978426,-0.8941380575851587
300.74,302.59,300.6,302.59,2747275,23586,301.667216,0.46098343132014996,0.7776468607978426
301.77,302.16,300.0,301.1,2589937,21661,301.196181,0.34248852829685816,0.46098343132014996
300.01,302.87,299.98,302.2,2205376,21428,301.554493,-0.5832256354176946,0.34248852829685816
303.25,303.6,299.97,300.88,3074531,29133,301.551641,1.0799640011999623,-0.5832256354176946
299.99,301.15,299.2,300.54,2413039,23579,300.468369,-1.0750206100577087,1.0799640011999623
299.43,301.18,298.68,300.93,2454313,23768,299.957232,-0.18667288909630653,-1.0750206100577087
303.06,303.799,299.0,299.1,3646063,34327,301.543141,1.2123033764151803,-0.18667288909630653
300.97,302.94,299.48,302.62,4228573,28972,300.647265,-0.6896324160232226,1.2123033764151803
302.54,302.8721,301.32,302.15,1977680,21873,302.232189,0.5216466757484106,-0.6896324160232226
303.25,303.71,302.85,303.49,3002872,23116,303.121899,0.23467971177364433,0.5216466757484106
302.96,303.14,300.23,301.9,4442136,37723,301.73216,-0.09563066776587803,0.23467971177364433
298.75,302.97,297.42,302.14,6346551,55891,300.629875,-1.389622392395029,-0.09563066776587803
301.84,301.88,299.8597,300.07,2723542,23985,300.90905,1.0343096234309623,-1.389622392395029
301.2,302.7899,301.14,301.28,2714356,25716,301.773646,-0.2120328650940806,1.0343096234309623
301.66,302.1,300.93,302.02,1955723,13020,301.751544,0.1527224435591057,-0.2120328650940806
303.69,305.15,303.3517,304.0,2382440,23220,304.149272,0.6729430484651466,0.1527224435591057
305.43,305.7,302.64,303.46,2319636,23384,303.892585,0.572952682011274,0.6729430484651466
304.11,305.13,303.86,304.13,2096348,18413,304.44559,-0.43217758569884523,0.572952682011274
304.0,306.29,303.35,305.79,3030579,24836,304.794365,-0.03617112229128416,-0.43217758569884523
306.56,306.66,298.74,302.32,5106715,60287,301.99819,0.8421052631578885,-0.03617112229128416
301.86,305.05,301.38,303.84,3355243,33166,303.334355,-1.5331419624217135,0.8421052631578885
303.71,310.24,303.06,308.21,7290333,63019,307.360444,0.6128668919366476,-1.5331419624217135
309.76,311.98,309.059,310.5,4107973,35906,310.501048,1.9920318725099584,0.6128668919366476
311.25,311.43,307.99,311.04,3234948,34827,310.123071,0.48101756198346557,1.9920318725099584
308.51,311.0,308.42,310.17,2822095,27767,309.9028,-0.8803212851405617,0.48101756198346557
310.22,311.25,308.91,310.74,2290854,24304,310.299591,0.5542770088490023,-0.8803212851405617
310.63,311.6,309.92,310.63,1854424,18927,310.854722,0.1321642705176762,0.5542770088490023
311.57,312.2683,309.89,310.05,3232381,24226,311.062919,0.30261082316582755,0.1321642705176762
308.01,309.32,306.03,308.12,4009256,33214,308.129519,-1.1426003787270878,0.30261082316582755
310.34,310.74,308.6,309.32,2781746,21959,309.630834,0.7564689458134488,-1.1426003787270878
310.4,312.3385,309.94,311.77,2398402,21699,311.241031,0.019333634078755324,0.7564689458134488
